date,close,ret_1,ret_3,ret_5,ret_10,ret_20,rsi14,sma20,sma50,adx,atr_pct,above_sma50,dist_sma50_pct,vol_20,dow,fii_net,fii_net_5d,dii_net,dii_net_5d,fii_fut_net,pcr,sentiment,target_up
2024-08-08,24117.0,,,,,,50.0,,,,,0,,,3,,,,,,,,1
2024-08-09,24367.5,1.0386864037815746,,,,,50.0,,,,,0,,,4,,,,,,,,0
2024-08-12,24347.0,-0.08412844977941925,,,,,50.0,,,,,0,,,0,,,,,,,,0
2024-08-13,24139.0,-0.8543146999630324,0.09122195961355217,,,,50.0,,,,,0,,,1,,,,,,,,1
2024-08-14,24143.75,0.019677699987563635,-0.9182312506412216,,,,50.0,,,,,0,,,2,,,,,,,,1
2024-08-16,24541.150390625,1.6459762490292462,0.7974304457428083,1.75871953653024,,,50.0,,,,,0,,,4,,,,,,,,1
2024-08-19,24572.650390625,0.12835584110202358,1.7964720602551942,0.8419016748743235,,,50.0,,,,,0,,,0,,,,,,,,1
2024-08-20,24698.849609375,0.5135759339910173,2.2991441237380172,1.4451456416601616,,,50.0,,,,,0,,,1,,,,,,,,1
2024-08-21,24770.19921875,0.28887826964991703,0.9333255551561281,2.614852391358391,,,50.0,,,,,0,,,2,,,,,,,,1
2024-08-22,24811.5,0.1667357653657442,0.9720140301435531,2.765726119596179,,,50.0,,,,,0,,,3,,,,,,,,1
2024-08-23,24823.150390625,0.046955607782672715,0.5032654686994764,1.149090387008611,2.9280192006675865,,50.0,,,,,0,,,4,,,,,,,,1
2024-08-26,25010.599609375,0.7551387144671073,0.9705226369072895,1.7822628482806468,2.6391694239253027,,50.0,,,,,0,,,0,,,,,,,,1
2024-08-27,25017.75,0.02858944102370753,0.8312677589021211,1.291154833802266,2.754959543270208,,50.0,,,,,0,,,1,,,,,,,,1
2024-08-28,25052.349609375,0.138300244326528,0.92332848628498,1.1390719474368316,3.7837093888520634,,50.0,,,,0.8225513267552298,0,,,2,,,,,,,,1
2024-08-29,25151.94921875,0.397565940632294,0.5651588189913515,1.3721428319529272,4.175818664250586,,95.23442760970647,,,,0.8159805056612802,0,,,3,,,,,,,,1
2024-08-30,25235.900390625,0.3337760073577778,0.8719824549569877,1.6627623549180237,2.830959384305798,,95.43037713384567,,,,0.788121960882626,0,,,4,,,,,,,,1
2024-09-02,25278.69921875,0.1695950113232314,0.9035065089874728,1.071943950014309,2.8733116570704764,,95.53125695955443,,,,0.7583222867561682,0,,,0,,,,,,,,1
2024-09-03,25279.849609375,0.004550829989491412,0.5085108494480295,1.0476546027320621,2.3523362795790703,,95.53411080235738,,,,0.7283950902302507,0,,,1,,,,,,,,0
2024-09-04,25198.69921875,-0.3210082017058524,-0.14741368962138957,0.5841751837928788,1.7299013068721836,,91.11374193216548,,,,0.7341173190506723,0,,,2,,,,,,,,0
2024-09-05,25145.099609375,-0.21270784221717465,-0.5285066617506384,-0.02723291668342842,1.3445362407553008,,88.21054662780486,24785.13232421875,,,0.7250897093917295,0,,1.5957789684520847,3,,,,,,,,0
2024-09-06,24852.150390625,-1.1650350298901935,-1.6918582402934423,-1.5206511123437516,0.11682642832857582,3.048266329249083,74.2796891181068,24821.88984375,,,0.7868442717689182,0,,1.485697449051011,4,,,,,,,,1
2024-09-09,24936.400390625,0.3390048695012693,-1.0409220962081522,-1.3540998496912593,-0.2966710910928594,2.3346686801066996,75.4790684233484,24850.33486328125,,,0.7867070825988006,0,,1.419524969706161,0,,,,,,,,1
2024-09-10,25041.099609375,0.41986500501236534,-0.4135994751089611,-0.9444280867535682,0.09333217165812258,2.8508629784983697,76.91947231494936,24885.03984375,,,0.7941209869305249,0,,1.3401186065937423,1,,,,,,,,0
2024-09-11,24918.44921875,-0.4897963449619458,0.2667730038766081,-1.1121605824457426,-0.5344823647794428,3.2290037646547143,71.6125055537149,24924.0123046875,,,0.806540957165513,0,,1.1476368960642764,2,,,,,,,,1
2024-09-12,25388.900390625,1.887963282727112,1.8146163556554074,0.9695757226553248,0.9420787622231641,5.157236927258602,77.9085140190688,24986.26982421875,,,0.879914289715162,0,,0.9406302899300772,3,,,,,,,,0
2024-09-13,25356.5,-0.12761636040355961,1.2595309133586197,2.0294002790408605,0.4778890687799686,3.322377298524981,76.6476808234007,25027.0373046875,,,0.856995837712098,0,,0.8999189427962245,4,,,,,,,,1
2024-09-16,25383.75,0.10746751326089488,1.8672942973509077,1.7939622494318908,0.4155703596175675,3.3008226482742486,76.98503338076154,25067.59228515625,,51.24947200550571,0.825740299168643,0,,0.8464836208500366,0,,,,,,,,1
2024-09-17,25418.55078125,0.13709866056039743,0.11678485546364747,1.5073266660130535,0.5486629628665307,2.9139056403737262,77.43339394469007,25103.57734375,,50.17468705271616,0.7908314416048449,0,,0.8264687469399871,1,,,,,,,,0
2024-09-18,25377.55078125,-0.16129951842196455,0.08301927020684108,1.842416269446434,0.7097650594873439,2.451944601399325,75.5656345167355,25133.944921875,,48.579290337745775,0.7908792674506816,0,,0.8004380512751923,2,,,,,,,,1
2024-09-19,25415.80078125,0.15072376499098983,0.12626495789629377,0.10595335052372423,1.0765563711430781,2.4355673024605506,76.14376622622726,25164.1599609375,,47.6853207869648,0.7995795614060537,0,,0.7771178858582456,3,,,,,,,,1
2024-09-20,25790.94921875,1.4760441377741573,1.465065576337654,1.713364300080844,3.7775355990085524,3.898775187256298,80.91362537117547,25212.54990234375,,47.69245455067549,0.8517116721992962,0,,0.876502479993392,4,,,,,,,,1
2024-09-23,25939.05078125,0.5742385099666292,2.2125854651618315,2.1876231102575527,4.020830492447303,3.7122307596615167,82.40895358894679,25258.9724609375,,48.00330713860966,0.8318097103850711,0,,1.0520257481687263,0,,,,,,,,1
2024-09-24,25940.400390625,0.0052030021699067674,2.064068781031736,2.053026601972685,3.5912990854176208,3.6879830945029113,82.42246821726229,25305.10498046875,,48.441696673361655,0.8066918202332543,0,,1.1794185505760337,1,,,,,,,,1
2024-09-25,26004.150390625,0.24575565157058943,0.8266511250388575,2.4691098631864694,4.357017414462772,3.7992475599726516,83.08358407198406,25352.69501953125,,48.906719444486995,0.7915822429758869,0,,1.2959850759159959,2,,,,,,,,1
2024-09-26,26216.05078125,0.8148714241454025,1.06788795910846,3.1486318565668414,3.257921288038257,4.230692234805988,85.09086590085342,25405.90009765625,,49.86478383082008,0.7978958889704851,0,,1.4659907310483853,3,,,,,,,,0
2024-09-27,26178.94921875,-0.14152231703233875,0.9196034931334918,1.5044037220542705,3.243543938437865,3.7369335491407307,83.22870056280712,25453.0525390625,,50.81070127887322,0.7763182666940754,0,,1.5993191338470725,4,,,,,,,,0
2024-09-30,25810.849609375,-1.4060900852023384,-0.7433458826622052,-0.4942400281187975,1.6825709730634797,2.1051335989246134,67.45577447306452,25479.66005859375,,48.97130988130985,0.8376502787898412,0,,1.6423258833975367,0,,,,,,,,0
2024-10-01,25796.900390625,-0.05404401234794243,-1.5988311669154265,-0.5531911529471301,1.4884782874958091,2.0453079794361395,66.93807043199905,25505.51259765625,,46.93131153654675,0.8248667873597021,0,,1.6545695515726984,1,,,,,,,,0
2024-10-03,25250.099609375,-2.119637526098739,-3.54807827317124,-2.8997324270276903,-0.5022201432029694,0.20398033318622666,50.55798667555371,25508.0826171875,,44.448573328011356,0.942816771393888,0,,1.6832963995116734,3,,,,,,,,0
2024-10-04,25014.599609375,-0.9326695880144675,-3.0849430067222072,-4.582883905360335,-1.5785501913871514,-0.5189878029011497,45.404637072078756,25501.5576171875,,42.96568075759123,1.0316998636402448,0,,1.7263790688848104,4,,,,,,,,0
2024-10-07,24795.75,-0.8748875168602677,-3.8808941208643533,-5.283631543772271,-3.8587149713221525,-0.22694370401957764,41.20168568091292,25498.73759765625,,42.283117027645325,1.095704206626993,0,,1.760261857405138,0,,,,,,,,1
2024-10-08,25013.150390625,0.8767647303469239,-0.9384090455707539,-3.0905577724968047,-3.5695230270117895,0.3077829951305011,46.499660882535224,25502.57509765625,,41.649307849838415,1.0906103802824025,0,,1.7253953288572412,1,,,,,,,,0
2024-10-09,24981.94921875,-0.12473907279866303,-0.13052533774221553,-3.1591050069378346,-3.694820270474275,-0.2362132316380161,45.86098039316313,25499.617578125,,40.17042189862538,1.0958483087943405,0,,1.7416292361229775,2,,,,,,,,1
2024-10-10,24998.44921875,0.06604768849507447,0.8174756510692438,-0.9966312787596521,-3.867464065419246,0.32104726621511315,46.2811823118219,25503.617578125,,38.79717065821328,1.0610903564334373,0,,1.7193241927637628,3,,,,,,,,0
2024-10-11,24964.25,-0.13680536120755926,-0.19549872711487337,-0.20128089260372795,-4.774940328332367,-1.672582837741976,45.49303128797027,25482.38505859375,,37.70683647503578,1.01772086950335,0,,1.7863754508554583,4,,,,,,,,1
2024-10-14,25127.94921875,0.6557345754428789,0.5844219709261855,1.3397425718117084,-4.014676033090159,-0.9013498757714955,49.89177931938422,25470.95751953125,,36.056967478467946,0.994442749696211,0,,1.7997285496483666,0,,,,,,,,0
2024-10-15,25057.349609375,-0.2809604904896901,0.23561617806604485,0.17670392597393114,-2.9193149834413568,-1.2858635569015564,48.08931762288328,25454.6375,,34.27852573845953,0.9841367740793037,0,,1.8411577359482438,1,,,,,,,,0
2024-10-16,24971.30078125,-0.34340754096676696,0.028243513223902283,-0.04262452623996493,-3.2003829796351635,-1.7595416979079515,45.912149231481,25432.275,,32.996441115778744,0.9698942280864171,0,,1.8976047474983992,2,,,,,,,,0
2024-10-17,24749.849609375,-0.8868227322834543,-1.5046974430084736,-0.9944601251046348,-1.9811803032027009,-2.4734505598498213,40.79353444223877,25400.88994140625,,32.41209702715099,0.9954280612474765,0,,2.0115343543869244,3,,,,,,,,1
2024-10-18,24854.05078125,0.4210173941240125,-0.8113341246950401,-0.44142811720760955,-0.6418204993568155,-2.2102392320230146,43.95949960723353,25372.80244140625,25104.956953125,32.34923172467227,1.0119992065406604,0,-0.9994288074004043,2.062417049711093,4,,,,,,,,0
2024-10-21,24781.099609375,-0.293518237799828,-0.7616790712713484,-1.3803339315736407,-0.05908428107639363,-3.9155193583989556,42.25589557353076,25322.3099609375,25118.2389453125,31.801494847712053,1.0285769584822764,0,-1.3422092873290992,2.0940760962489624,0,,,,,,,,0
2024-10-22,24472.099609375,-1.2469180337869368,-1.122229041322298,-2.335642073577615,-2.1630653188443927,-5.655377231210723,35.90814591372404,25248.96240234375,25120.3309375,31.963458900635015,1.0944837260542248,0,-2.580504730362887,2.1686452317839784,1,,,,,,,,0
2024-10-23,24435.5,-0.1495564743491773,-1.6840344655840056,-2.1456662828406303,-2.1873762289928433,-5.801376879166753,35.233019654166824,25173.7173828125,25122.1009375,32.29005606003404,1.08393564107667,0,-2.733055404912821,2.186132340854738,2,,,,,,,,0
2024-10-24,24399.400390625,-0.14773427748562273,-1.5402836224652328,-1.4159650433481996,-2.3963439607113113,-6.171130284566207,34.543153657189734,25093.4798828125,25127.3089453125,32.6907417944063,1.0488247752568158,0,-2.896882257752842,2.144733084915459,3,,,,,,,,0
2024-10-25,24180.80078125,-0.8959220549493163,-1.1903303466998305,-2.7088139713140946,-3.1382846220094684,-7.763373732307666,30.63186494801164,24991.7173828125,25128.0499609375,33.69966222089646,1.0909304436628782,0,-3.7696883807539217,2.027924200275576,4,,,,,,,,1
2024-10-28,24339.150390625,0.6548567634608204,-0.3943017715004826,-1.78341246238648,-3.1391293466018877,-7.02777950616632,36.26187858945464,24899.72744140625,25124.0099609375,34.32829454656378,1.1113909313491297,0,-3.1239422828314045,1.7420742397000692,0,,,,,,,,1
2024-10-29,24466.849609375,0.5246658848009123,0.2764380176158543,-0.02145300192382127,-2.3565940101624716,-5.207112591566276,40.45872870200712,24832.52744140625,25121.8939453125,34.91202456325487,1.1269449085394037,0,-2.607463980874436,1.5358062493609148,1,,,,,,,,0
2024-10-30,24340.849609375,-0.5149825253829232,0.66188390356825,-0.38734787757566114,-2.5247029676098487,-5.644285783183289,37.81307393678286,24759.72490234375,25114.7339453125,35.364067721748086,1.107885188149155,0,-3.081395716246238,1.2952245777218634,2,,,,,,,,0
2024-10-31,24205.349609375,-0.5566773640794054,-0.5497348062795893,-0.7953096311520857,-2.2000133681367884,-4.137607439822133,35.15104590160061,24707.48740234375,25103.436953125,36.14312205417838,1.0934838627971417,0,-3.5775473510937017,1.3067062598021648,3,,,,,,,,1
2024-11-01,24304.349609375,0.4090004961616156,-0.6641639712279712,0.510937703191372,-2.2117166200114835,-2.8393418687133853,38.55465897213184,24671.97490234375,25093.2939453125,36.86652964857794,1.0591170314906497,0,-3.1440445310085607,1.3160144311890334,4,,,,,,,,0
2024-11-04,23995.349609375,-1.27137736646451,-1.4194245704017172,-1.4125422446234048,-3.1707632525827867,-3.2279741109867643,32.77289926753747,24631.9548828125,25076.7379296875,38.51637644809091,1.1451472447123607,0,-4.312316551477302,1.4669679505345932,0,,,,,,,,1
2024-11-05,24213.30078125,0.908305881860727,0.032848820625663855,-1.0362953636166017,-1.0575260490761407,-3.1977163887152216,39.647732619721225,24591.96240234375,25060.791953125,40.04837704763867,1.167737140146082,0,-3.381741380959513,1.4531374344347496,1,,,,,,,,1
2024-11-06,24484.05078125,1.1181870759630508,0.7393786493495869,0.5883162427487543,0.1986895346933748,-1.993032781950843,46.910768241297184,24567.06748046875,25050.11796875,39.59419979542326,1.1696445176140386,0,-2.2597386096391614,1.3895957770350333,2,,,,,,,,0
2024-11-07,24199.349609375,-1.1628025706147627,0.8501647332543882,-0.024787908858281416,-0.819900399383855,-3.196596726390688,41.28453817788307,24527.1125,25033.05796875,39.23938798558244,1.194598657443301,0,-3.330429548063041,1.379224703275608,3,,,,,,,,0
2024-11-08,24148.19921875,-0.2113709312467793,-0.26886694667590527,-0.6424791987223899,-0.134824163992453,-3.2688776199965908,40.34824054311832,24486.3099609375,25012.98296875,39.20892321678655,1.1735883598623986,0,-3.457339538752402,1.3555040441446884,4,,,,,,,,0
2024-11-11,24141.30078125,-0.028567088740283353,-1.3998909047455488,0.6082477407121312,-0.8128862602007958,-3.926498055654226,40.21577303118211,24436.9775390625,24991.0909765625,39.340912728375976,1.1883627283703657,0,-3.400372541196628,1.2370052155726645,0,,,,,,,,0
2024-11-12,23883.44921875,-1.0680930776533315,-1.3054085986782815,-1.362274253642548,-2.3844524323289207,-4.6848545792959495,35.52139072061719,24378.28251953125,24963.1859765625,39.86458935009794,1.235873918883691,0,-4.325316323109751,1.1947489108334657,1,,,,,,,,0
2024-11-13,23559.05078125,-1.3582562322921432,-2.439719964884801,-3.7779696189340073,-3.2118797850995584,-5.655492328458934,30.670740434641687,24307.67001953125,24928.77,40.99721606662041,1.2767464330351557,0,-5.4945318952760225,1.294366672394592,2,,,,,,,,0
2024-11-14,23532.69921875,-0.11185324376894457,-2.5209973895552795,-2.7548277180422076,-2.778932762716535,-4.9178092385820165,30.30867319578013,24246.8125,24895.45,42.09295220644596,1.2450795102637504,0,-5.473894953696357,1.411985892577578,3,,,,,,,,0
2024-11-18,23453.80078125,-0.33527151631265184,-1.798937974012138,-2.875570270104577,-3.499574527996896,-5.63389047654298,29.197313662317853,24176.8,24861.6240234375,43.33811888367277,1.238121286957455,0,-5.662635879539968,1.4704528826689554,0,,,,,,,,1
2024-11-19,23518.5,0.2758581406631766,-0.17212400290028684,-2.579814513283041,-1.9872584360625223,-5.095010428420787,31.418128270000764,24113.67001953125,24834.951015625,43.437809254680175,1.2457895183813505,0,-5.300799726952354,1.4626630018921833,1,,,,,,,,0
2024-11-21,23349.900390625,-0.7168807933116472,-0.7767864894110965,-2.233968901385197,-3.565810371849798,-4.585627047382957,28.876299353402175,24057.56005859375,24803.221015625,43.94013869768518,1.2432701283610263,0,-5.859402793227819,1.596467520345555,3,,,,,,,,1
2024-11-22,23907.25,2.3869464111237804,1.933372006436196,1.4779849238540699,-2.3558225164755697,-2.161813754578379,44.780569707575395,24031.14755859375,24780.5440234375,42.265333037896426,1.3086674526445319,0,-3.5241115877501894,1.5191056789389148,4,,,,,,,,1
2024-11-25,24221.900390625,1.3161295867362366,2.9908386615855598,2.9286957924736123,0.09318755096321407,-0.7274768935231712,51.389280019311386,24022.27255859375,24766.613046875,39.34178155140061,1.3304264508366932,0,-2.1993829161017775,1.4689084527623333,0,,,,,,,,0
2024-11-26,24194.5,-0.11312238174179257,3.617144378543502,3.1581201940716896,0.19173595857222558,0.05665328817654469,50.81890141207757,24022.95751953125,24742.7250390625,36.657585110656555,1.3011250480845669,0,-2.2157019414676182,1.4719536411269023,1,,,,,,,,1
2024-11-27,24274.900390625,0.3323085437806128,1.5378196598312188,3.2161931697387125,0.553406838287529,-0.2639779900647121,52.48539596166186,24019.74501953125,24721.093046875,34.12734977303058,1.265654593920405,0,-1.8049066657528146,1.455861182970661,2,,,,,,,,0
2024-11-28,23914.150390625,-1.4861029054492936,-1.270544404183549,2.41649853130228,0.1285458042253662,-2.258971741659055,45.10085781102003,23992.11005859375,24691.7010546875,32.61933658966712,1.3340796776306787,0,-3.1490364407878113,1.4128669422354865,3,,,,,,,,1
2024-11-29,24131.099609375,0.9072001940535257,-0.2620446408274635,0.9363252125401234,2.428148881873793,-0.8617201263147911,49.68558716612004,23981.62255859375,24665.95203125,31.21903863368676,1.3088440599813291,0,-2.168383450990985,1.3660193185952076,4,,,,,,,,1
2024-12-02,24276.05078125,0.6006820004948565,0.004739012751797667,0.22355962889666348,3.1588028028154413,0.29208903410185005,52.53756709542121,23985.1576171875,24643.92203125,29.479580402490033,1.2943235106645785,0,-1.4927463637221305,1.3697757655179448,0,,,,,,,,1
2024-12-03,24457.150390625,0.7460011144599932,2.2706221677558425,1.0855789151460016,4.277982996159513,0.6286972649169664,55.90085964878799,23992.79765625,24624.7490234375,27.532546213954518,1.252930996515193,0,-0.680610521768088,1.397837275989801,1,,,,,,,,1
2024-12-04,24467.44921875,0.04210968146538541,1.3938428617829235,0.7932013109283931,4.034905367051467,1.9674629336950744,56.09141409226598,24016.40263671875,24598.2790234375,26.036971726203014,1.2233467048535764,0,-0.53186568280994,1.463069213869729,2,,,,,,,,1
2024-12-05,24708.400390625,0.9847825562885104,1.780971762132455,3.3212553531124733,5.81801197124352,2.0447423250876673,60.402463860288805,24041.1576171875,24573.666015625,25.514548764185147,1.2874111312854875,1,0.5482876462727715,1.570943382838897,3,,,,,,,,0
2024-12-06,24677.80078125,-0.12384293961259507,0.9021917398421841,2.265546041103761,3.2230841324284443,0.7913314742361788,59.60213782304389,24050.8451171875,24548.4140234375,25.0294417280257,1.234722737235089,1,0.5270676862829893,1.6288428765213605,4,,,,,,,,0
2024-12-09,24619.0,-0.23827399277279726,0.6193975509872995,1.4127059703421097,1.639423839463472,1.7341391293525632,58.011475119985256,24071.82763671875,24520.711015625,24.40125376463646,1.1855189208084749,1,0.40084067836521076,1.7086050435289113,0,,,,,,,,0
2024-12-10,24610.05078125,-0.03635086213900074,-0.39804118364665797,0.6251766382546764,1.7175423391679878,1.9125714440080932,57.758823950155865,24094.92021484375,24488.591015625,23.508407479246028,1.1497532817895344,1,0.4959851121998149,1.7773166384513854,1,,,,,,,,1
2024-12-11,24641.80078125,0.12901233029631864,-0.1458800981461561,0.712585774435337,1.5114393250680314,2.0732105719370564,58.45020829992375,24119.94521484375,24457.848046875,22.729711035909208,1.0975292665250982,1,0.7521215031774053,1.8431574809289526,2,,,,,,,,0
2024-12-12,24548.69921875,-0.3778196379659149,-0.28555498294000614,-0.6463436294953162,2.6534450012230426,2.7854016976649243,55.57756952911399,24153.20771484375,24432.6050390625,21.73803329242653,1.065859052669566,1,0.475160874175673,1.8749460054205358,3,,,,,,,,1
2024-12-13,24768.30078125,0.8945547808588916,0.6430299612407486,0.3667263578396307,2.6405807534251258,5.13284686733817,60.50782220581552,24213.67021484375,24412.033046875,20.972823152188585,1.157299797836071,1,1.4593939541655887,1.8472560318767297,4,,,,,,,,0
2024-12-16,24668.25,-0.4039468921733236,0.1073347641464828,0.20004874284089702,1.6155808137167105,4.825416628557577,57.38303725423717,24270.44775390625,24400.3960546875,20.262270879110492,1.1309695178721264,1,1.0977442526431735,1.7781950951442451,0,,,,,,,,0
2024-12-17,24336.0,-1.3468730047733413,-0.8664378379264259,-1.1135725955461862,-0.49535775300887375,3.7614339227067584,48.43727236408644,24314.55771484375,24386.8240625,20.580760594242726,1.171596408158513,0,-0.20840787783494852,1.6203293518208821,1,,,,,,,,0
2024-12-18,24198.849609375,-0.5635699812006956,-2.2991127930184208,-1.7975600720384177,-1.0977834549633636,2.892827388545194,45.29799512111812,24348.5751953125,24374.8860546875,21.299383350715807,1.1662761417288872,0,-0.7222041773551013,1.4411714930585433,2,,,,,,,,0
2024-12-19,23951.69921875,-1.0213311567061067,-2.9047491461696717,-2.4319007483053046,-3.0625259422383033,2.577307903063364,40.237117973180524,24378.66513671875,24353.65703125,22.62834137791486,1.1921251288708457,0,-1.6505028874481464,1.1545346499234952,3,,,,,,,,0
2024-12-20,23587.5,-1.520556915080562,-3.075690335305725,-4.767387119845889,-4.418144027154969,-1.3374603938135943,34.17744959218504,24362.67763671875,24325.768046875,24.490165295935988,1.2840929969543948,0,-3.034921838654303,1.3234412649452902,4,,,,,,,,1
2024-12-23,23753.44921875,0.7035472972972912,-1.8405849774463912,-3.7084137758049307,-3.5157836681018684,-1.9339984242372377,38.7069869717494,24339.255078125,24300.868046875,26.21900179124132,1.2688567596247642,0,-2.2526719089583924,1.4298980561190624,0,,,,,,,,0
2024-12-24,23727.650390625,-0.10861087115143775,-0.9354193457373094,-2.4997929379314554,-3.5855285243754365,-1.9295691556965422,38.266124558699,24315.91259765625,24276.1360546875,27.82434996545341,1.234444122369961,0,-2.259361468509291,1.5391449813882059,1,,,,,,,,1
2024-12-26,23750.19921875,0.09503186263191132,0.689768812930569,-1.8540153679503235,-3.6182484000050086,-2.161496704133292,38.92093376476714,24289.6775390625,24248.5810546875,29.37738598511715,1.205601918418141,0,-2.0553030909870817,1.6274728425918223,3,,,,,,,,1
2024-12-27,23813.400390625,0.2661079652128029,0.252389332272962,-0.5774071679087278,-2.9952659469768883,-0.42129868029723294,40.81581817019474,24284.6400390625,24223.7020703125,30.32057369055208,1.1731022607898176,0,-1.6938025347923547,1.6473635707327672,4,,,,,,,,0
2024-12-30,23644.900390625,-0.7075847935867907,-0.3487492382840185,0.24335088765234936,-4.535637711067498,-2.014824134085913,37.47755168797837,24260.330078125,24197.1740625,31.635888957116254,1.1925467350860897,0,-2.2823891353945136,1.7619831690828702,0,,,,,,,,0
2024-12-31,23644.80078125,-0.0004212721278373799,-0.44377917224707186,-0.45740067684248986,-4.148852142936777,-2.6002993884308268,37.47560037879752,24228.767578125,24175.0730859375,33.127250863410744,1.1766690474446384,0,-2.1934672247007847,1.8553427577005968,1,,,,,,,,1
2025-01-01,23742.900390625,0.41488871182535636,-0.29605179791020175,0.06427100765959981,-2.4371285723824743,-2.920413820057255,40.74759517123076,24193.055078125,24152.850078125,33.742331770771884,1.1663256967088753,0,-1.6973139243359414,1.8872729075014325,2,,,,,,,,1
2025-01-02,24188.650390625,1.8774033191665485,2.2996502037098576,1.8460947120344962,-0.042147535583880735,-1.139468301874924,52.82743824400631,24179.11513671875,24141.00109375,32.412513676909555,1.2059235844007479,1,0.19737912562098892,1.8331740739024427,3,,,,,,,,0
2025-01-03,24004.75,-0.7602755327609123,1.5223186783431597,0.8035375302820391,0.22149067907661912,-2.84781847266804,48.43977385371642,24143.9326171875,24131.6541015625,31.17768258975168,1.19396177133522,0,-0.5258823163484805,1.7780593553636945,4,,,,,,,,0
2025-01-06,23616.05078125,-1.6192595996625703,-0.5342633262492513,-0.12201197255387042,0.12104199788023351,-4.302449839074429,40.7380225034523,24090.8451171875,24115.2651171875,31.15929577066383,1.2896636836351674,0,-2.0701175521462556,1.7908747044071316,0,,,,,,,,1
2025-01-07,23707.900390625,0.38892874268343647,-1.9875023708901485,0.2668646268529251,-0.1917566905990431,-3.7007986082903455,43.04257223127898,24045.29013671875,24101.4351171875,31.142222295796543,1.246880203573283,0,-1.6328269443252275,1.737722006875296,1,,,,,,,,0
2025-01-08,23688.94921875,-0.07993610384197103,-1.3155762140826255,-0.22723075524632153,-0.1631057910828404,-3.742786110794105,42.67383662632269,23999.23505859375,24091.5980859375,31.45815655783639,1.2358437977010095,0,-1.671324856704015,1.674715197186693,2,,,,,,,,0
2025-01-09,23526.5,-0.6857594959147506,-0.37919456593097367,-2.737442477905405,-0.9418835467005171,-4.526052260347124,39.54638975744395,23943.47001953125,24075.345078125,31.751524086873392,1.2121008055766982,0,-2.2796976589286033,1.6137798690933254,3,,,,,,,,0
2025-01-10,23431.5,-0.4037999702463213,-1.1658577354842437,-2.388069028004869,-1.6037205286119072,-4.550950780710594,37.80165379803519,23887.61005859375,24054.6380859375,32.39375121589701,1.2069813371840792,0,-2.5905111675813997,1.570268703295237,4,,,,,,,,0
2025-01-13,23085.94921875,-1.4747275302477436,-2.5454907029929363,-2.2446664237395497,-2.3639396345125574,-6.792357608050237,32.231399852436795,23803.49248046875,24029.540078125,33.58018193323684,1.256432082751629,0,-3.92679533735224,1.506340492061778,0,,,,,,,,1
2025-01-14,23176.05078125,0.3902874499386977,-1.4895935168852126,-2.243343360702299,-1.9824654237379447,-6.049068007458979,34.92410899090814,23728.88251953125,24008.9541015625,34.681867599338105,1.2173189904952215,0,-3.4691362097205802,1.33991353896985,1,,,,,,,,1
2025-01-15,23213.19921875,0.16028803979861728,-0.9316551703902887,-2.0083204012419476,-2.230987634872761,-4.613744170159439,36.05229013779451,23672.74248046875,23987.13109375,35.54117975008777,1.173853477625989,0,-3.226446180559084,1.275846851648753,2,,,,,,,,1
2025-01-16,23311.80078125,0.4247650725383689,0.9783074560199001,-0.9125846120332404,-3.625045611122013,-3.6656652793170097,39.07159159833081,23628.3900390625,23973.4601171875,35.77820695188539,1.1400747840294907,0,-2.759965948608023,1.1975174605508243,3,,,,,,,,0
2025-01-17,23203.19921875,-0.46586517926727744,0.11714005011571604,-0.9743327625205356,-3.3391340515939505,-3.125039243203487,36.999475843250835,23590.9650390625,23953.2580859375,36.39889351044796,1.1286887789671283,0,-3.1313438217736467,1.2225659198810106,4,,,,,,,,1
2025-01-20,23344.75,0.6100485537167577,0.5667068119750596,1.121031579848597,-1.1487982633633265,-1.0291467938526755,41.364385612971375,23578.8275390625,23930.4720703125,36.419172223776194,1.1091646473019952,0,-2.447599314345039,1.237855187305149,0,,,,,,,,0
2025-01-21,23024.650390625,-1.3711845677293555,-1.2317812481306034,-0.6532622492676166,-2.8819506946729967,-3.0681810519952446,35.392636186979416,23542.38759765625,23906.9780859375,36.89938027144101,1.1836889684860827,0,-3.690670113725081,1.3503509374141456,1,,,,,,,,1
2025-01-22,23155.349609375,0.5676490914416465,-0.2062198790946601,-0.24920998105367742,-2.2525254474041856,-2.4119572390366995,39.249191722345785,23513.77255859375,23887.12109375,37.345287744272625,1.1510062222978272,0,-3.0634561674594885,1.378477181828877,2,,,,,,,,1
2025-01-23,23205.349609375,0.21593282262408753,-0.5971380744064558,-0.4566407068844702,-1.3650580860944062,-2.294084375279093,40.70733511734123,23486.530078125,23868.4020703125,37.164143738183924,1.1219408284125747,0,-2.7779507777028867,1.3841432123050141,3,,,,,,,,0
2025-01-24,23092.19921875,-0.48760476583936674,0.29337612940478763,-0.4783823082047389,-1.4480540351663351,-3.028551823950887,38.45774827348259,23450.47001953125,23852.5770703125,36.56045854552297,1.1388677615257192,0,-3.187822637868709,1.3989371520667895,4,,,,,,,,0
2025-01-27,22829.150390625,-1.1391241935562957,-1.4087423608492244,-2.2086319595412296,-1.1123598414417013,-3.4500039607840205,33.78361390231835,23409.68251953125,23837.9790625,36.73043942552196,1.165228204381201,0,-4.2320226443272935,1.5233045843581494,0,,,,,,,,1
2025-01-28,22957.25,0.5611229817278129,-1.0691483367040844,-0.29273143991990214,-0.9440813851987917,-2.907830721903215,37.75135529802354,23375.30498046875,23826.470078125,36.18185069095982,1.1720389971307312,0,-3.6481277976758597,1.5557119734224985,1,,,,,,,,1
2025-01-29,23163.099609375,0.8966649288351114,0.30703178139668275,0.03346958750674034,-0.21582380309963511,-2.441996435612126,43.59986180337357,23346.31494140625,23820.6560546875,35.433003835897445,1.148372894471618,0,-2.76044641173141,1.5074962814831976,2,,,,,,,,1
2025-01-30,23249.5,0.3730087599762788,1.84128450766885,0.1902595365646409,-0.26724997281252216,-3.8826076505243723,45.89750563538523,23299.357421875,23815.2760546875,34.03073920375461,1.1185602790646214,0,-2.3756854776249337,1.2373414036704853,3,,,,,,,,1
2025-01-31,23508.400390625,1.1135740150325812,2.400768343878301,1.8023453198734662,1.3153409105256975,-2.0677141373061536,52.18360258744936,23274.53994140625,23818.4460546875,31.72946311537641,1.1175569028178032,0,-1.3017039959308474,1.0263964846890632,4,,,,,,,,0
2025-02-01,23482.150390625,-0.11166221250199504,1.3774097017692277,2.860378020323351,0.5885708376615728,-0.5669889172634668,51.52986407749165,23267.844921875,23809.9440625,29.677077462169148,1.1344498883671743,0,-1.3767091220985517,0.9923756966607509,5,,,,,,,,0
2025-02-03,23361.05078125,-0.5157091976693451,0.4797986247015995,1.7589248766729515,1.461044510634446,-1.4630127664622572,48.51057594832826,23250.50244140625,23792.7270703125,27.741278749225835,1.1384218730734192,0,-1.814320350024634,0.9004811582079151,0,,,,,,,,1
2025-02-04,23739.25,1.6189306820631133,0.9819877385917719,2.4873630919059364,2.521665189579325,0.21233859208151795,56.986921575936584,23253.01748046875,23783.6220703125,26.948678675422457,1.1611313611442189,0,-0.18656565506011136,0.9103156124577362,1,,,,,,,,0
2025-02-05,23696.30078125,-0.1809207062143936,0.9119709526709263,1.9217651186046902,2.1156809965778622,0.7217426359636958,55.862243267153254,23261.50751953125,23772.050078125,26.349891199736135,1.1183849186317292,0,-0.31864856680874354,0.9718065691318716,2,,,,,,,,0
2025-02-06,23603.349609375,-0.39226026346081966,1.0371914790728187,0.40389485108422996,2.2135197509034255,0.7334127536649415,53.40569675223208,23270.1,23765.8340625,25.245885093846464,1.1083496158103872,0,-0.6836892519643589,1.0166422131254367,3,,,,,,,,0
2025-02-07,23559.94921875,-0.18387386257991967,-0.7552925271438693,0.3313104925691146,3.2011652454009276,2.053196927311207,52.250331966608094,23293.8,23754.4110546875,23.748291101135415,1.1072665245281115,0,-0.8186346337520689,1.036449005639775,4,,,,,,,,0
2025-02-10,23381.599609375,-0.7570033692307909,-1.3280603364218435,0.08796191711331058,1.8484339778283454,0.8869018715272015,47.684959966366975,23304.07744140625,23736.52203125,22.247229201335593,1.1130936568659737,0,-1.4952587468700318,1.0405367031997381,0,,,,,,,,0
2025-02-11,23071.80078125,-1.3249684936046169,-2.25200590984711,-2.811585112208681,-0.3941563506813517,-0.6091294705547923,40.98589974622922,23297.00751953125,23708.8150390625,21.95353977968108,1.172355302649437,0,-2.6868245281890357,1.075257740217245,1,,,,,,,,0
2025-02-12,23045.25,-0.11507892904301098,-2.184636367299042,-2.7474785505978705,-0.87851351641971,-1.143415662098446,40.46126847842136,23283.67998046875,23680.3710546875,22.199866576270882,1.1972206382037462,0,-2.682057021913853,1.1035942366392204,2,,,,,,,,0
2025-02-13,23031.400390625,-0.06009745771905495,-1.497755605264861,-2.423169711992179,-2.029061918607722,-0.7404100895973542,40.17240513449298,23275.0900390625,23646.8310546875,22.033904950535593,1.1878296198494236,0,-2.602592553053762,1.1290013115377875,3,,,,,,,,0
2025-02-14,22929.25,-0.4435266153706374,-0.6178571954636891,-2.676997360622757,-2.3545560411951882,-1.7798434337484847,38.01658166784905,23254.3150390625,23611.8600390625,22.4635715817108,1.219686318801305,0,-2.8909625837745034,1.1799412326325076,4,,,,,,,,1
2025-02-17,22959.5,0.13192755977626813,-0.37209403239278904,-1.8052640385038399,-1.718890066247758,-0.2829593045700629,39.059526215760044,23251.05751953125,23578.6700390625,22.987736654076382,1.2084614922234889,0,-2.6259752481235354,1.1926859758891788,0,,,,,,,,0
2025-02-18,22945.30078125,-0.06184463402948426,-0.3738357542950266,-0.5482883681225403,-3.3444578862011243,-0.9071287269182826,38.7301000678432,23240.555078125,23545.3750390625,23.38522636048609,1.1822954040006064,0,-2.548586534794872,1.2273367203888341,1,,,,,,,,0
2025-02-19,22932.900390625,-0.05404326900405598,0.015920235616073697,-0.4875174249574177,-3.2216015388741637,-1.1740793538397298,38.42530772609876,23226.9326171875,23511.19703125,23.46497058722949,1.1716652933185812,0,-2.459664813562479,1.2640226765746916,2,,,,,,,,0
2025-02-20,22913.150390625,-0.08612081186238907,-0.2018755172150999,-0.5134294832029984,-2.924157927465776,-0.7753649898344039,37.91354780034166,23217.98017578125,23478.4860546875,23.545698943333246,1.1263679151162174,0,-2.407888067167896,1.2959195707625801,3,,,,,,,,0
2025-02-21,22795.900390625,-0.5117148798882476,-0.6511154159595245,-0.5815698698169336,-3.2429986203745154,-0.14564711971783995,34.93856525438021,23216.31767578125,23439.038046875,23.919479961471044,1.114179687784877,0,-2.743873937845953,1.3130043341448219,4,,,,,,,,0
2025-02-24,22553.349609375,-1.0640105330068539,-1.6550491860382377,-1.768986217578783,-3.542315384050576,-1.759358767382857,29.73977613766803,23196.12265625,23396.7400390625,24.852715306939203,1.1334820594477806,0,-3.6047347975803556,1.4622458626942378,0,,,,,,,,0
2025-02-25,22547.55078125,-0.025711604818956513,-1.5955885731216868,-1.733470412055027,-2.2722543635434245,-2.657454479347243,29.62627598630141,23165.34521484375,23360.9710546875,25.732832832323457,1.0880803656414468,0,-3.4819625927933417,1.5981228490626789,1,,,,,,,,0
2025-02-27,22545.05078125,-0.011087678764998277,-1.1004154478502781,-1.6912366197410988,-2.170508971480023,-3.029954273210178,29.573873557959416,23130.12275390625,23327.895078125,26.56634441016877,1.0437075434230871,0,-3.355829123258902,1.708787745438358,3,,,,,,,,0
2025-02-28,22124.69921875,-1.8644959666695105,-1.900606331428567,-3.4410421894564003,-3.936804347529277,-5.885986068311189,22.399674823214696,23060.9376953125,23291.355078125,28.335521317192285,1.12968713027801,0,-5.008965152356948,1.9652168046353624,4,,,,,,,,0
2025-03-03,22119.30078125,-0.024400049223838316,-1.899319372444308,-2.968075828464567,-3.532384263549837,-5.803768337669379,22.32477300880079,22992.79521484375,23261.99109375,30.173498308016896,1.1321947912961567,0,-4.912263562885699,2.12768285617339,0,,,,,,,,0
2025-03-04,22082.650390625,-0.16569416451024388,-2.0510062058035516,-2.0870479414478615,-3.8191145685881667,-5.472358253897836,21.79199914564886,22928.8751953125,23228.5751171875,31.957744572310773,1.1031082704109079,0,-4.933254497020778,2.280694579669912,1,,,,,,,,1
2025-03-05,22337.30078125,1.1531695069225467,0.960924080359149,-0.9324737841364117,-2.649780039043259,-5.905617147761621,33.64156448319959,22858.777734375,23200.768125,31.892270069211648,1.1172348951821383,0,-3.721718777145011,2.157872973358548,2,,,,,,,,1
2025-03-06,22544.69921875,0.9284847776867,1.923200202877129,-0.0015593777251243779,-1.6927696246990975,-4.859836871294354,41.42560145503575,22801.19765625,23176.658125,31.032862801199478,1.1262961643733083,0,-2.726704181602113,1.9693306094519814,3,,,,,,,,1
2025-03-07,22552.5,0.03460139864501777,2.1276866728572985,1.933589139541625,-1.5739886679771553,-4.452120681030857,41.70259857342951,22748.65517578125,23151.4401171875,29.874051549532055,1.0990266694106279,0,-2.587053393464067,1.7934902159310615,4,,,,,,,,0
2025-03-10,22460.30078125,-0.4088203913091726,0.5506484476550888,1.5416400517011652,-1.4721928224998626,-4.667448249951467,39.33493663306733,22693.67275390625,23127.748125,28.59644568415124,1.1034876658882085,0,-2.8859158277866226,1.6062476875891045,0,,,,,,,,1
2025-03-11,22497.900390625,0.16740474556060647,-0.20758240183607057,1.8804355122892913,-0.2458580198080651,-3.7794643374000625,40.81077900493161,22649.48779296875,23104.8101171875,27.823982565965533,1.0888021821825458,0,-2.626767861255963,1.4417261551690295,1,,,,,,,,0
2025-03-12,22470.5,-0.12179087892316698,-0.36359605365259284,0.596308479947627,-0.341725724436881,-2.6062152102954372,40.046202819932425,22619.42275390625,23079.362109375,26.827796255512443,1.0910491547819672,0,-2.638123646960233,1.3828564743291019,2,,,,,,,,0
2025-03-13,22397.19921875,-0.3262089461738671,-0.28094709467416656,-0.6542557901030976,-0.6558049655091658,-2.8120796313773955,37.99544691157292,22587.02021484375,23043.5330859375,25.902766110091715,1.0740615196731043,0,-2.8048384107467017,1.3282922650442148,3,,,,,,,,1
2025-03-17,22508.75,0.4980568336268254,0.04822498627259364,-0.19399179691830248,1.7358463383065015,-2.2692948833356485,42.79637168680837,22560.8876953125,23013.6130859375,25.14559346917768,1.0634358661109715,0,-2.193758468312823,1.2385273900406064,0,,,,,,,,1
2025-03-18,22834.30078125,1.446329899483545,1.619015069758123,1.6651602471513538,3.232471076147614,-0.4140964870198549,53.99235271182327,22556.140234375,22997.9780859375,23.667561722940476,1.082585105212818,0,-0.7117030204824015,1.195222816829154,1,,,,,,,,1
2025-03-19,22907.599609375,0.32100316461272094,2.27885810917694,1.821055350217149,3.735734634010357,-0.2260519202290978,56.076821106703406,22553.54521484375,22981.9720703125,22.64766555838998,1.0434340149893437,0,-0.3236121804950365,1.1747354371177094,2,,,,,,,,1
2025-03-20,23190.650390625,1.2356195589090069,3.0294902676736735,3.2048703438953385,3.8202897374749245,1.0692804235344244,63.040562738081874,22565.8126953125,22972.00609375,22.712075727056906,1.0522816844200902,1,0.951785821328377,1.261195369288835,3,,,,,,,,1
2025-03-21,23350.400390625,0.6888551951288902,2.260194495636969,4.255894509689506,3.5737942833360847,1.8205285545594307,66.2890493243302,22586.6876953125,22968.4841015625,23.328144699739617,1.0529954045369894,1,1.662784045188781,1.4229006498652421,4,,,,,,,,1
2025-03-24,23658.349609375,1.3188177230298859,3.277296673601504,5.10734540734159,4.903445779292759,3.252277430409145,71.49094332428942,22623.94765625,22973.02109375,24.650131320317,1.0732459689628244,1,2.9831884662807617,1.7105199583751378,0,,,,,,,,1
2025-03-25,23668.650390625,0.04353972876416368,2.061175482138422,3.6539310634819744,5.37993511816075,3.828539276996157,71.64853805683238,22667.58515625,22984.6751171875,26.20860245377238,1.0770904748388859,1,2.9757883022067944,1.9710790537722092,1,,,,,,,,0
2025-03-26,23486.849609375,-0.7681079328545448,0.5843549423879768,2.5286368274174853,4.395740053867869,4.1390747546074635,64.83633518598381,22714.26015625,22990.89109375,26.88229617323829,1.0945112345694006,1,2.1571957067807013,2.128826014790233,2,,,,,,,,1
2025-03-27,23591.94921875,0.4474827877002596,-0.28066366302528234,1.730433693602773,4.9907621937651525,4.631981751066716,66.80145626173908,22766.480078125,22998.46609375,27.308522581904285,1.082727315732901,1,2.5805335128906037,2.2676438962663146,3,,,,,,,,0
2025-03-28,23519.349609375,-0.30773044101545244,-0.6307954986277453,0.7235388512559782,5.010226411191554,4.321564132094546,64.13515513118952,22815.19501953125,23002.6170703125,27.711692125900367,1.0689296500313945,1,2.2464076043303915,2.370969978516734,4,,,,,,,,0
2025-04-01,23165.69921875,-1.5036571865236992,-1.3673625708269133,-2.08235315970553,2.9186392791692217,4.705148710531559,53.03116692421461,22867.24501953125,23001.8670703125,26.574634753357792,1.1399301071901367,1,0.7122558700852322,2.3225393783898336,1,,,,,,,,1
2025-04-02,23332.349609375,0.7193842458686373,-1.1003737205770192,-1.4208701201789076,2.1811433286101023,5.484119231984375,56.82462940916717,22927.8974609375,23001.6190625,25.518795764568257,1.1095866533234082,1,1.437857682871524,2.216884369294144,2,,,,,,,,0
2025-04-03,23250.099609375,-0.35251486188494496,-1.1448020649885482,-1.0080108824194967,1.4951370106007555,5.286725995742025,54.48567057949486,22986.269921875,23006.128046875,24.47940265632756,1.0912866030824122,1,1.0604633774223382,2.0708764714676366,3,,,,,,,,0
2025-04-04,22904.44921875,-1.4866619775066536,-1.12774493674056,-2.914129704270474,-1.2341230929456826,2.5390195666616266,45.929764430539585,23014.62734375,23001.1100390625,23.164036490028575,1.1510796266507997,0,-0.4202441540792634,1.996746393179897,4,,,,,,,,0
2025-04-07,22161.599609375,-3.2432546283055363,-5.017711544702674,-5.772906234867947,-5.091136603067814,-1.6992890686090112,33.68668808374535,22995.47236328125,22980.2350390625,24.55717899584466,1.4788220358622264,0,-3.5623457649408663,2.1895260636230796,0,,,,,,,,1
2025-04-08,22535.849609375,1.6887318902814252,-3.072029849334479,-2.718888833993016,-4.744625126155,-0.07382946735394746,42.06544529320917,22994.63984375,22969.108046875,24.39264875890362,1.5201486055415376,0,-1.8862658341621819,2.156775187018753,1,,,,,,,,0
2025-04-09,22399.150390625,-0.6065856008070525,-2.2061164767557595,-3.999593844483784,-5.363634930797911,-0.27225989188910393,40.073728671608094,22991.58232421875,22960.508046875,24.239870681744083,1.4784103016391614,0,-2.4448834281190934,2.1865291455615288,2,,,,,,,,1
2025-04-11,22828.55078125,1.9170387409190415,3.0094902156469816,-1.8131054714063288,-2.8028400533643083,1.4696944376319854,48.34702341341451,23008.11484375,22957.9340625,22.826363825256472,1.5111770579964372,0,-0.5635667429733537,2.0923495411257034,4,,,,,,,,1
2025-04-15,23328.55078125,2.190239778210845,3.5175118116923976,1.851612140722514,-1.1164759429486248,3.81856559155338,55.9696647413734,23051.0173828125,22961.2430859375,21.86869830834904,1.5384387514407931,1,1.5996855829528478,1.994104570359991,1,,,,,,,,1
2025-04-16,23437.19921875,0.4657316201027051,4.634322329294549,5.755900439765127,-0.34928853046282127,4.643437734524225,57.43945536518606,23103.0173828125,22964.9970703125,21.149406639367953,1.4765262210694585,1,2.056182053895972,1.9029345725462614,2,,,,,,,,1
2025-04-17,23851.650390625,1.7683476937954135,4.481666923050209,5.838700577335332,2.9610639652948745,5.966126020436491,62.5720201261814,23170.16240234375,22971.8620703125,21.26370184100611,1.5190718582779832,1,3.8298520059872887,1.8986232251351165,3,,,,,,,,1
2025-04-21,24125.55078125,1.1483498464016417,3.4164145363053455,7.707436936302603,3.399576918546976,5.654869892316938,65.53048487186213,23234.72490234375,22984.730078125,21.875770763260842,1.4945946285750311,1,4.963385252936847,2.0423937997380954,0,,,,,,,,1
2025-04-22,24167.25,0.17284255654137493,3.11492330818246,5.864144559932072,3.9447159626584183,5.4988318815799575,65.97147922850061,23297.707421875,23000.8540625,22.5255427602381,1.4358655466604455,1,5.071098378914818,2.1846507461124487,1,,,,,,,,1
2025-04-23,24328.94921875,0.6690840652122221,2.0011144734563224,4.288300833089287,6.219315672668002,4.908438568782736,67.69732141344909,23354.62236328125,23012.648046875,23.3116336946732,1.394714505991467,1,5.719903112383218,2.3637464028729163,2,,,,,,,,0
2025-04-24,24246.69921875,-0.33807460922566923,0.5021582246907963,3.4539109918577227,9.408615109592278,3.838473058838243,65.86736408832198,23399.4373046875,23023.656015625,24.041575276648654,1.3382826634859641,1,5.312115514125915,2.5103242778978374,3,,,,,,,,0
2025-04-25,24039.349609375,-0.855166336268387,-0.5292302211670763,0.7869443651739028,6.671592267701931,1.6104250984989354,61.36401858588294,23418.4873046875,23032.376015625,23.580111589158406,1.4072051281957838,1,4.371991813032561,2.5915605899359337,4,,,,,,,,1
2025-04-28,24328.5,1.2028211882747275,-0.001846437122954292,0.8412210796353348,8.61349460014571,2.787863264211987,64.96162903106449,23451.47978515625,23047.74703125,23.15160959363175,1.3838644524336523,1,5.556955163615118,2.6867962771972764,0,,,,,,,,1
2025-04-29,24335.94921875,0.03061930965739812,0.3680913397522634,0.6980488833028264,6.603128038850747,3.6152128680386086,65.05191436443579,23493.934765625,23066.8340234375,22.972359931429345,1.3336106693192704,1,5.501904570098315,2.8065133145723253,1,,,,,,,,0
2025-04-30,24334.19921875,-0.007191007773188485,1.226529062416959,0.02157923037611198,4.310805445781374,3.1462003970832875,65.00953422723433,23531.047265625,23092.0819921875,22.50742022151739,1.2963850790876694,1,5.378974606892228,2.910699450924882,2,,,,,,,,1
2025-05-02,24346.69921875,0.05136803511647248,0.07480616869104395,0.412427271431115,3.8805831341502284,3.517740171884731,65.18401101649047,23572.41474609375,23118.1109765625,22.508748551497725,1.3060422370848828,1,5.3143971989452865,3.003943394849798,4,,,,,,,,1
2025-05-05,24461.150390625,0.4700890697612925,0.514470057237526,1.754626427519912,2.555378726495028,5.5921090904369475,66.81562168785065,23637.1873046875,23146.7059765625,22.509982000765174,1.25955337916911,1,5.678753665396097,3.0683684074623816,0,,,,,,,,0
2025-05-06,24379.599609375,-0.3333889859949313,0.18657030879412062,0.21004011498859665,1.0530280963468863,4.488403515003103,64.49627846135903,23689.5498046875,23175.71296875,22.255997294746305,1.2256048612874473,1,5.1946045511019,3.1361126906677175,1,,,,,,,,1
2025-05-07,24414.400390625,0.14274549954715887,0.27807125420460377,0.3223674210108829,1.0226665864961904,5.007723841236911,65.05376319003928,23747.76484375,23204.8109765625,21.60801207774005,1.203612796788057,1,5.212666525421028,3.168713446777867,2,,,,,,,,0
2025-05-08,24273.80078125,-0.5758880297096702,-0.7659067802747499,-0.2482039246784029,-0.2266782547990065,5.97853958164174,60.893598355003775,23816.232421875,23231.3809765625,20.750973427248088,1.2115248493754394,1,4.48711940861013,3.1121640634325387,3,,,,,,,,0
2025-05-09,24008.0,-1.09501096942064,-1.5242235940253313,-1.391150462355728,-0.9844606748180107,8.331530318975355,53.87883344717056,23908.55244140625,23252.88296875,19.323103650842903,1.238019306015713,1,3.247412513385184,2.6979914469942194,4,,,,,,,,1
2025-05-12,24924.69921875,3.8183073090219954,2.0901550722538076,1.8950409965291737,3.682918314186523,10.600219875363525,67.6989880693535,24027.994921875,23293.1139453125,19.835582297237337,1.3757748929984712,1,7.004582029127282,2.406288535579738,0,,,,,,,,0
2025-05-13,24578.349609375,-1.389583907654357,1.2546400576882277,0.8152307797687275,1.0269832064245588,9.728936949600042,60.341927650227326,24136.9548828125,23328.7629296875,20.36767523809166,1.419397170088895,1,5.356420670284723,1.9235505814659641,1,,,,,,,,1
2025-05-14,24666.900390625,0.36027960647213586,2.744503459784231,1.0342256863165034,1.3599271139997926,8.05285288142299,61.49408545623132,24228.87236328125,23371.0339453125,20.818764936655267,1.3804610079083268,1,5.544754452647616,1.513101971511559,2,,,,,,,,1
2025-05-15,25062.099609375,1.6021438141461841,0.5512619808131447,3.247529446372943,2.9912650261535445,7.43101808758011,66.21201091223395,24315.5498046875,23421.324921875,21.91524680232382,1.4388604713650792,1,7.00547340072788,1.4122579681243956,3,,,,,,,,0
2025-05-16,25019.80078125,-0.16877607536591732,1.7960976993614652,4.214431777949024,2.7646522284286768,6.752519990673211,65.289934721793,24394.6798828125,23470.819921875,22.93340853473034,1.371731145553182,1,6.599602674857286,1.2900668434111677,4,,,,,,,,0
2025-05-19,24945.44921875,-0.29717088137536374,1.1292413060169704,0.08325075387225489,1.9798693863172234,4.585841273922586,63.61297668293661,24449.36982421875,23527.234921875,23.72883091178734,1.3194379194749979,1,6.027968444164178,1.277017387158814,0,,,,,,,,0
2025-05-20,24683.900390625,-1.0484831354666824,-1.5090484222978984,0.42944617082727454,1.2481779279631233,2.314349688583861,57.972150298368355,24477.2873046875,23578.5269140625,23.497603851129156,1.336749468220143,1,4.688051465603826,1.26845818561797,1,,,,,,,,1
2025-05-21,24813.44921875,0.524831270888626,-0.8247530198347564,0.5941112413973881,1.634481378777708,2.6738632601971624,59.870291071355474,24509.597265625,23633.142890625,23.282893009089413,1.3102927660885455,1,4.994284228667767,1.2604811015980242,2,,,,,,,,0
2025-05-22,24609.69921875,-0.8211272774042211,-1.3459368763246715,-1.8051176783918432,1.3837900398336433,1.153975033922272,55.61588525200423,24523.634765625,23678.590859375,22.258394930535214,1.3286641809478181,1,3.9322794371707603,1.2618056180082344,3,,,,,,,,1
2025-05-23,24853.150390625,0.9892488718005854,0.6856695956538594,-0.6660740110684182,3.520286532093464,2.5011700207260734,59.3342757082738,24553.95732421875,23724.7598828125,21.78577307409702,1.3077085808454658,1,4.7561725108542285,1.2540397050602627,4,,,,,,,,1
2025-05-26,25001.150390625,0.5954979456279652,0.7564493360848967,0.22329191744172583,0.3067285635185879,4.000943440145788,61.44874083321363,24602.04736328125,23773.732890625,21.786063589039344,1.2716949026263065,1,5.1629144890579015,1.208515126435899,0,,,,,,,,0
2025-05-27,24826.19921875,-0.6997724870316469,0.8797344415938602,0.5764843718906176,1.0084062327783805,2.0457456018661224,57.63378939840258,24626.93232421875,23821.050859375,21.0636728721204,1.292413296986191,1,4.219580258271494,1.2039918506740748,1,,,,,,,,0
2025-05-28,24752.44921875,-0.29706520659956714,-0.40518473631007135,-0.24583442415537782,0.3468162872928948,1.7114598500193257,56.05395297398521,24647.75732421875,23866.1418359375,20.392881492124236,1.2403798562880601,1,3.7136600834153377,1.1796587430817183,2,,,,,,,,1
2025-05-29,24833.599609375,0.3278479228775888,-0.6701722866033766,0.9098054739913763,-0.911735263850455,2.0522573442244285,57.43651739382873,24672.72734375,23913.403828125,19.542866422378772,1.2099436756504944,1,3.84803346216962,1.1477977702280606,3,,,,,,,,0
2025-05-30,24750.69921875,-0.333823496911434,-0.30411421150192686,-0.4122260971536451,-1.0755543773220855,1.6593625130459921,55.51507599203921,24692.92734375,23960.473828125,18.753566714757987,1.1695750997164467,1,3.2980374106685195,1.1104811791057636,4,,,,,,,,0
2025-06-02,24716.599609375,-0.13777230725331435,-0.14483257417550188,-1.1381507522817857,-0.917400233478205,1.044305826466374,54.704415629019266,24705.6998046875,24004.6308203125,17.548265454012018,1.1534943719052013,1,2.9659643357649035,1.0899374106171502,0,,,,,,,,0
2025-06-03,24542.5,-0.7043833380258491,-1.1722006231634108,-1.1427412478658305,-0.5728446006803001,0.6681832074155958,50.638642588403556,24713.84482421875,24038.7948046875,16.49934832663398,1.1785121521606214,1,2.095384562350344,1.0649275672218614,1,,,,,,,,1
2025-06-04,24620.19921875,0.3165904807986175,-0.5272578315732579,-0.534290561839923,-0.778811515869271,0.8429403337057773,52.34106989284161,24724.134765625,24073.046796875,15.52535385121152,1.1238951837597648,1,2.272883970574191,1.0270555042188059,2,,,,,,,,1
2025-06-05,24750.900390625,0.5308696762106768,0.1387762952513416,-0.3330134175102861,0.5737622821794464,1.9654919873262289,55.14361897317882,24747.98974609375,24104.251796875,15.537188906595192,1.120859088810535,1,2.6827158926120864,0.9275424192881304,3,,,,,,,,1
2025-06-06,25003.05078125,1.018752395450262,1.8765438779667853,1.019573468489443,0.603144423419022,4.144663367419188,60.02719958262869,24797.74228515625,24137.3048046875,15.953366760994138,1.1325892449843877,1,3.586754956975846,0.6286093458229871,4,,,,,,,,1
2025-06-09,25103.19921875,0.4005448710087123,1.9618037843989633,1.5641294331942168,0.40817653000186915,0.7161570875275469,61.80580928393391,24806.66728515625,24166.201796875,16.721905497983446,1.0921809571363081,1,3.8773052950181297,0.6746390699602001,0,,,,,,,,1
2025-06-10,25104.25,0.00418584595869298,1.4276232532891564,2.288886625241937,1.1199893257925808,2.1396896007387145,61.82500250736564,24832.9623046875,24194.9137890625,17.548180945514478,1.0550553511825156,1,3.7583775617690884,0.6884561753009183,1,,,,,,,,1
2025-06-11,25141.400390625,0.14798446727146697,0.5533309138369136,2.1169656965166483,1.5713643867628635,1.9236304216817546,62.541697633312836,24856.6873046875,24228.0048046875,18.384431680237178,1.0183340405736394,1,3.769999194323992,0.7207294365179413,2,,,,,,,,0
2025-06-12,24888.19921875,-1.0071084662786611,-0.8564645411387017,0.5547225594144667,0.21986184135136533,-0.6938779804384398,54.96731918745257,24847.99228515625,24253.9298046875,17.884849080104637,1.0614908855648153,1,2.61512018534793,0.7026955509824658,3,,,,,,,,0
2025-06-13,24718.599609375,-0.6814458847919758,-1.536195626736514,-1.1376658567134212,-0.1296917274590914,-1.2038511997294665,50.551089296904706,24832.9322265625,24277.9148046875,17.15104481151223,1.1124118336949869,1,1.8151674401724716,0.6968988335121917,4,,,,,,,,1
2025-06-16,24946.5,0.921979376770854,-0.7752169234681028,-0.6242201138767944,0.9301457087883547,0.004212316406038141,55.70149129427052,24832.984765625,24313.5308203125,16.148702025487378,1.0989643990479092,1,2.6033618250077106,0.6906776971097212,0,,,,,,,,0
2025-06-17,24853.400390625,-0.37319707924959866,-0.1398205945683073,-0.9992316415547209,1.2667837042884766,0.6866824015558493,53.260978911323626,24841.459765625,24343.9518359375,15.269784217269905,1.072673731144713,1,2.092710986781654,0.6788292846907811,1,,,,,,,,0
2025-06-18,24812.05078125,-0.16637405234334324,0.3780601383241766,-1.3099891185767487,0.7792445576715323,-0.0056358045496640585,52.16771689614515,24841.38984375,24375.190859375,14.20890310637364,1.0544554278761478,1,1.7922317999285564,0.6800109782147618,2,,,,,,,,0
2025-06-19,24793.25,-0.07577278241026608,-0.6143146333152938,-0.3815029681957349,0.17110330818930208,0.7458473166147117,51.64860275410846,24850.5673828125,24412.966875,13.232212063292677,1.0172456010474042,1,1.557709585021505,0.6462945596096419,3,,,,,,,,1
2025-06-20,25112.400390625,1.287247095983779,1.0421109221645963,1.5931354828881306,0.4373450677346957,1.0431273135408814,59.09058263524808,24863.5298828125,24471.982890625,13.258799773145201,1.0328579723854383,1,2.6169415975087817,0.6793770418082464,4,,,,,,,,0
2025-06-23,24971.900390625,-0.559484548726974,0.6442418274260397,0.10181945613612076,-0.5230362352657059,-0.11699461641960784,55.071973821899476,24862.0673828125,24520.70390625,13.283488360865404,1.046728324751888,1,1.840063344429499,0.6787139125972574,0,,,,,,,,1
2025-06-24,25044.349609375,0.29012296868362597,1.0127740791344486,0.7683021870199536,-0.2386065730902165,0.8787103845531163,56.70697278080682,24872.97490234375,24573.607890625,14.13784121260752,1.06777499474402,1,1.9156394162600288,0.6948355690947309,1,,,,,,,,1
2025-06-25,25244.75,0.8001820520425307,0.5270289072979661,1.7439075172173357,0.41107339992698666,1.9888972476997724,60.941150904543385,24897.58994140625,24621.931875,14.93116886065377,1.0465757681731032,1,2.5295258234077966,0.7531960876521078,2,,,,,,,,1
2025-06-26,25549.0,1.2052010814129765,2.3109959608506925,3.0482086858318214,2.6550767110228524,2.880776052920364,66.32588291140644,24933.3599609375,24666.340859375,16.47817514114239,1.0498653713917885,1,3.578395132286216,0.933852966628428,3,,,,,,,,1
2025-06-27,25637.80078125,0.3475704773181043,2.369601052258319,2.092195020995069,3.718662005133888,3.584147480681965,67.72446815587685,24977.7150390625,24710.352890625,18.124905571206224,1.0078978461046686,1,3.7532765911120203,1.0978061783587125,4,,,,,,,,0
2025-06-30,25517.05078125,-0.4709842354665206,1.0786432079937347,2.183055282527313,2.2870975136792815,3.238516561846927,63.8416094469671,25017.73759765625,24743.6608984375,19.380156502900128,0.9952129104406404,1,3.125608154698467,1.1707822776890038,0,,,,,,,,1
2025-07-01,25541.80078125,0.09699396772837598,-0.0281780842694479,1.9862810559424071,2.7698438837555406,4.071715518997654,64.2934925520425,25067.70263671875,24771.9858984375,20.54574665375875,0.948846958486506,1,3.1076026200267615,1.1692550329332152,1,,,,,,,,0
2025-07-02,25453.400390625,-0.34610085397696055,-0.7192519834223088,0.8265100293130212,2.584831117062092,3.3842178305383497,61.344612519622025,25109.3626953125,24797.70890625,20.926453208466814,0.9484933687294993,1,2.6441615507863947,1.1430824253390588,2,,,,,,,,0
2025-07-03,25405.30078125,-0.188971251922454,-0.4379424603493498,-0.5624455702767261,2.4686186008288535,2.6439457971107583,59.739074387950254,25142.08271484375,24819.2359375,21.279966437838585,0.9395283325414928,1,2.3613331418655736,1.1228376994745448,3,,,,,,,,1
2025-07-04,25461.0,0.21924250859925998,-0.3163472377770482,-0.6896097787736255,1.3881572607656434,1.8315733658126998,61.01161508286901,25164.98017578125,24843.521953125,21.296180342951356,0.9093935245133948,1,2.485469041145061,1.1461339018919077,4,,,,,,,,1
2025-07-07,25461.30078125,0.0011813410706551508,0.031038645146641564,-0.2184813616507908,1.959804351969674,1.4265176298028592,61.018780305479666,25182.88525390625,24871.9609765625,21.38791493334961,0.8675854826598066,1,2.3694947304028435,1.173275025040204,0,,,,,,,,1
2025-07-08,25522.5,0.24036171315751087,0.4613179735958761,-0.07556546781998241,1.9092146455502723,1.6660525608213739,62.52776168161823,25203.79775390625,24895.8409765625,21.705563261637106,0.8383587398214876,1,2.517123338100724,1.2046194854327734,1,,,,,,,,0
2025-07-09,25476.099609375,-0.181801902732881,0.05930485595617707,0.0891795139417173,0.9164266208815608,1.3312672068768627,60.61197421479781,25220.53271484375,24918.643984375,22.00319079569932,0.8147583353345478,1,2.2371025700657965,1.2283436355044741,2,,,,,,,,0
2025-07-10,25355.25,-0.4743646446198069,-0.4165175305108404,-0.19700920560223878,-0.7583467063290161,1.876595317905272,55.81534288276875,25243.88525390625,24939.065,21.689903391533264,0.8118898871638854,1,1.668807551526097,1.1994812356845928,3,,,,,,,,0
2025-07-11,25149.849609375,-0.8100901810276007,-1.4600857699089032,-1.2220666534111024,-1.9032489410396702,1.7446376688606602,48.75340972433321,25265.44775390625,24955.1280078125,20.15171837148018,0.8243125798467322,1,0.7802869274064372,1.110123965189125,4,,,,,,,,0
2025-07-14,25082.30078125,-0.2685854157148504,-1.545757922771207,-1.4885335327372573,-1.7037627260571009,0.5443680726755273,46.66248173685027,25272.23779296875,24967.551015625,19.358612306154274,0.8099690578297944,1,0.4595955989163292,1.0868338866185057,0,,,,,,,,1
2025-07-15,25195.80078125,0.4525103218794291,-0.6288607635499543,-1.2800439563130595,-1.354642152929153,1.3776802580067082,50.50370457191577,25289.3578125,24983.8750390625,18.10550392782083,0.7949067842701973,1,0.8482500887318389,1.0124894197514285,1,,,,,,,,1
2025-07-16,25212.05078125,0.06449487413033861,0.2473222418467813,-1.0364570408094687,-0.9482018342189535,1.6121198667796932,51.04727491958886,25309.3578125,24999.828046875,16.886560616408865,0.7756865132962111,1,0.8488967763181421,0.9129631599517037,2,,,,,,,,0
2025-07-17,25111.44921875,-0.3990217351728331,0.11621117916658097,-0.961539646621512,-1.156654530604384,1.2834106813346402,47.564674593578296,25325.2677734375,25016.581015625,15.867827249390773,0.7622345020204291,1,0.3792212975296083,0.8039506690189935,3,,,,,,,,0
2025-07-18,24968.400390625,-0.5696558047242783,-0.9025328966492885,-0.7214723808223522,-1.9347221608538523,-0.5734218862397444,43.065575203177545,25318.0677734375,25035.7890234375,15.864467624077024,0.7764828643464108,0,-0.2691691991389411,0.8497949076661041,4,,,,,,,,1
2025-07-21,25090.69921875,0.48981443028652816,-0.4813236477781868,0.033483521201849165,-1.4555484249764494,0.47573002561551725,47.62671658061071,25324.00771484375,25039.1090234375,16.031332697384588,0.7827257714541649,1,0.2060384627272871,0.8109103312760007,0,,,,,,,,0
2025-07-22,25060.900390625,-0.11876443882732346,-0.20129793260700302,-0.5354082285227046,-1.808598724164956,0.0660858896643246,46.64615246266673,25324.83525390625,25048.7600390625,15.714908839710356,0.7694219663681847,1,0.04846687637858338,0.8072178979875938,1,,,,,,,,1
2025-07-23,25219.900390625,0.6344544590244583,1.0072731775577992,0.03113435492854144,-1.0056453800946885,-0.09843476118797101,52.2904894937666,25323.5927734375,25059.8200390625,15.086152334167544,0.7588430766838649,1,0.6387929015969407,0.8044808874264404,2,,,,,,,,0
2025-07-24,25062.099609375,-0.6256994627491075,-0.11398490383093263,-0.19652234701831306,-1.1561723533587753,-1.9057512647266073,46.97865558505705,25299.24775390625,25059.8200390625,14.870920932829492,0.7739301028716169,1,0.009096515094464408,0.8124993984366653,3,,,,,,,,0
2025-07-25,24837.0,-0.8981674037030651,-0.8934251648386793,-0.526266755455973,-1.2439422669882738,-3.123515890004336,40.637113141485294,25259.20771484375,25056.1640234375,15.672879936356525,0.7987135358975087,0,-0.8746910470114111,0.8540091989095772,4,,,,,,,,0
2025-07-28,24680.900390625,-0.6284962329387578,-2.1372011453318907,-1.633269860485842,-1.6003332155440142,-3.2768300607819656,36.91562761682562,25217.4001953125,25050.873046875,17.021659058218795,0.8165637096356199,0,-1.476885278839224,0.969485708520441,0,,,,,,,,1
2025-07-29,24821.099609375,0.5680474234370125,-0.9616113723761921,-0.9568721694441118,-1.4871572256351606,-2.821653719905526,42.0487840488834,25181.36513671875,25053.61703125,18.44102173288052,0.825481261567371,0,-0.9280792533268745,0.9753954144141639,1,,,,,,,,1
2025-07-30,24855.05078125,0.1367835124523431,0.07267697890245284,-1.4466734750095411,-1.4159895325353666,-2.3507649280344656,43.2529867042849,25151.44765625,25054.4490625,19.345244575494192,0.8029317741850249,0,-0.7958597722607541,0.9804170541130671,2,,,,,,,,0
2025-07-31,24768.349609375,-0.34882717656889994,0.35431940231491765,-1.1720885503547995,-1.3663074814448284,-2.5071585546631026,40.91483485852988,25119.60009765625,25057.6220703125,20.685169781985472,0.8409056456408687,0,-1.1544290201432217,1.0105357959036505,3,,,,,,,,0
2025-08-01,24565.349609375,-0.8195943742782208,-1.030373367920423,-1.0937326997020547,-1.6142435035659486,-3.5177345376261715,36.00690689505076,25074.817578125,25051.8660546875,22.25649033340026,0.8597241669250435,0,-1.942036749879028,1.0813960984896165,4,,,,,,,,1
2025-08-04,24722.75,0.6407415043054421,-0.5322893218540736,0.16956273358201823,-1.4664765439260319,-2.9006796926647094,41.833135023569255,25037.8900390625,25046.298046875,23.715573702571138,0.8458881032532232,0,-1.2917998750532678,1.053186921227799,0,,,,,,,,0
2025-08-05,24649.55078125,-0.29608040671041946,-0.47963966109406675,-0.6911411292197744,-1.6413999615467967,-3.420312346948773,40.00883761716676,24994.242578125,25042.765078125,25.07043683108695,0.8291797708984354,0,-1.5701712476569818,1.0049869801813982,1,,,,,,,,0
2025-08-06,24574.19921875,-0.3056914228121266,0.03602476462059023,-1.1299577094884383,-2.5602843860359825,-3.540182384485213,38.16383195604219,24949.14755859375,25039.200078125,26.513222690910208,0.8107397809754809,0,-1.8570915122054443,0.9654881704010773,2,,,,,,,,1
2025-08-07,24596.150390625,0.08932609229541644,-0.5120773755953545,-0.6952389701606165,-1.8591787041485675,-2.9938557473304317,39.04568527448449,24911.192578125,25034.45109375,28.464498067030263,0.8363896958259077,0,-1.7507901470802611,0.932934926697632,3,,,,,,,,0
2025-08-08,24363.30078125,-0.9466912735407229,-1.1612787695009064,-0.82249522737462,-1.9072320278213928,-3.127449429486062,33.575752092882425,24871.86513671875,25026.703125,30.295230942176616,0.8599016826991709,0,-2.6507780127351444,1.0369788281845818,4,,,,,,,,1
2025-08-11,24585.05078125,0.9101804471857822,0.044158356507995045,-0.5569737134825226,-0.38835539975441424,-1.982473634841797,41.92035581254009,24847.00263671875,25024.0721484375,31.841133283063883,0.8649001643431742,0,-1.7543961853343393,1.0384220701701152,0,,,,,,,,0
2025-08-12,24487.400390625,-0.39719417907191357,-0.44214236078768954,-0.6578229034029381,-1.3444175479798703,-2.81158117090754,39.56331662620488,24811.5826171875,25022.97015625,32.290700632722846,0.8754412038190493,0,-2.1403125299705117,1.0351965808387107,1,,,,,,,,1
2025-08-13,24619.349609375,0.5388453516712133,1.050961158440633,0.18373087246135178,-0.9483029181851732,-2.350864580662304,44.13425103900644,24781.94755859375,25022.9531640625,32.70815602883474,0.8599498082319454,0,-1.6129333418053449,0.968375468794482,2,,,,,,,,1
2025-08-14,24631.30078125,0.048543816407109475,0.1881224505554835,0.14291013051537238,-0.5533224065648934,-1.9120698025723137,44.54336680740818,24757.94013671875,25020.561171875,33.0036927833039,0.8203941898166817,0,-1.5557620308794595,0.9232241616262529,3,,,,,,,,1
2025-08-18,24876.94921875,0.9973019276634965,1.5908133240396527,2.1082875514770283,1.2684517596121658,-0.3662676440791879,52.279037674071496,24753.367578125,25018.039140625,30.7307109990277,0.8664527374685819,0,-0.5639527585752813,0.8997848525824368,0,,,,,,,,1
2025-08-19,24980.650390625,0.41685646806257637,1.467548034300692,1.6091063341496348,1.0431703213639176,-0.43860407063810447,55.12484064767478,24747.86513671875,25015.5881640625,28.620085056485514,0.8408829072124924,0,-0.13966400953023816,0.8660189117793973,1,,,,,,,,1
2025-08-20,25050.55078125,0.27981813736617234,1.7021025552947933,2.299755717804164,1.6268044945672022,-0.041297835327858134,56.986832117187575,24747.34765625,25014.5141796875,27.12419222161691,0.8239779622933865,1,0.14406276813387908,0.8604998260590617,2,,,,,,,,1
2025-08-21,25083.75,0.13252889742787488,0.831294783904335,1.8863227420441664,2.0735193717368983,-0.5398530070150898,57.88072507136367,24740.54013671875,25013.361171875,26.111115826055887,0.7934684070344287,1,0.2814049165217547,0.8034893372342583,3,,,,,,,,0
2025-08-22,24870.099609375,-0.8517482060098724,-0.4425456484171031,0.9694933704304409,1.1137890051868382,-0.7660970269553036,50.5938353260303,24730.94013671875,25012.9991796875,24.58135065072989,0.8079439260908005,0,-0.571301223359677,0.7625377101675854,4,,,,,,,,1
2025-08-25,24967.75,0.39264173509054867,-0.3305347733590591,0.3649996647561604,2.480982458728187,0.5264323388493031,53.47675918760167,24737.47763671875,25017.9821875,23.160854416498605,0.7906270922523781,0,-0.20078432834242932,0.7836147327106392,0,,,,,,,,0
2025-08-26,24712.05078125,-1.0241179872034878,-1.481832735336619,-1.0752306492220143,0.5165740804442764,0.1262125373547196,45.92062112634169,24739.03515625,25013.293203125,22.925955386963995,0.822147681694488,0,-1.2043293117331877,0.7903048805766594,1,,,,,,,,0
2025-08-28,24500.900390625,-0.8544430103923584,-1.4845104143082155,-2.1941648925196677,0.05513039271072273,-1.2900283379430166,40.79455529807028,24723.0251953125,25006.243203125,23.557052475347504,0.8371865377117664,0,-2.020866582777403,0.8214097365625682,3,,,,,,,,0
2025-08-29,24426.849609375,-0.30223697933294824,-2.1663962136155623,-2.6188284870683254,-0.7819053023508604,-1.722793389736399,39.14424071381398,24701.61513671875,24998.5391796875,24.414958797384607,0.8287973396005748,0,-2.286891910776234,0.8559938078461593,4,,,,,,,,1
2025-09-01,24625.05078125,0.8114070174605414,-0.3520549580045773,-0.9853150247642217,-0.025374218176721364,-0.5785562235069541,45.49940831156018,24694.4501953125,24995.1751953125,24.75635195567462,0.823954221447423,0,-1.480783435884503,0.8492992733063686,0,,,,,,,,0
2025-09-02,24579.599609375,-0.18457290617897026,0.32120949636655904,-1.5546070055371453,-1.195281651139457,0.058008537336506905,44.35548680933339,24695.1626953125,24984.5191796875,24.26040282958507,0.8344431202028921,0,-1.6206818606367301,0.8490830786202903,1,,,,,,,,1
2025-09-03,24715.05078125,0.5510715147017065,1.1798540396481982,0.012139826138080068,-1.0632213542153268,-0.03114224246898445,48.51013799469202,24694.777734375,24979.3821875,23.79987864107335,0.8295083315783393,0,-1.0581983343938561,0.8442416486678656,2,,,,,,,,1
2025-09-04,24734.30078125,0.07788776228048189,0.44365390743958955,0.9526196462326997,-1.2624472921238472,0.343819653153532,49.091881994508384,24699.015234375,24973.1812109375,22.26858000056435,0.8483664265111438,0,-0.9565478569581565,0.8431548784365679,3,,,,,,,,1
2025-09-05,24741.0,0.027084730671167456,0.656643693103276,1.2860863993874538,-1.3664224846763329,0.6787638521410289,49.306536622577035,24707.3552734375,24963.1062109375,20.95895479071234,0.8484001534714821,0,-0.8897378758104479,0.8351343694531829,4,,,,,,,,1
2025-09-08,24773.150390625,0.12994782193525012,0.23507784745915306,0.6014184932676914,-0.3898223982723992,0.7196248079027301,50.38769519431521,24716.2052734375,24947.58921875,19.4708959436273,0.8284415126600305,0,-0.6992211816358451,0.8290982726358661,0,,,,,,,,1
2025-09-09,24868.599609375,0.3852930178235292,0.5429659375162377,1.1757717969082426,-0.39711383935276956,2.0740162946798923,53.55470880772483,24741.47021484375,24932.2051953125,18.124526801380835,0.8003937949812299,0,-0.25511416033692225,0.7648848292799754,1,,,,,,,,1
2025-09-10,24973.099609375,0.42020862308871365,0.9381173330706094,1.0440958847665716,1.0563624623297851,1.5783934374500097,56.80569839967869,24760.87265625,24921.326171875,17.646431157743027,0.7879069646659213,1,0.20774752171266453,0.7735882280487382,2,,,,,,,,1
2025-09-11,25005.5,0.12974116602184615,0.937909009194593,1.0964499103834902,2.0595145538736093,2.1157803650458273,57.79217214410147,24786.77763671875,24910.60015625,17.210722258619633,0.7584310523464571,1,0.38096169162826765,0.7569757929922211,3,,,,,,,,1
2025-09-12,25114.0,0.4339045410009845,0.9867881363632813,1.5076189321369338,2.8130946135652035,2.009193575270718,61.00393885488262,24811.51015625,24903.8121484375,17.3247905353341,0.7393122837229131,1,0.8439987031290119,0.7898240089693389,4,,,,,,,,0
2025-09-15,25069.19921875,-0.17838966811339896,0.3848125017645865,1.195039078425153,1.8036447577122638,1.7778128787795833,59.00731001807018,24833.405078125,24897.0901171875,17.430711077997532,0.7132887102529324,1,0.6912819962188399,0.8040135873698271,0,,,,,,,,1
2025-09-16,25239.099609375,0.6777256391098607,0.9341929150586958,1.4898305727690797,2.683119377373666,1.4557668926382883,63.840710919776896,24851.51259765625,24892.652109375,18.125321136492808,0.7122752826095893,1,1.3917661263161296,0.8756518455482951,1,,,,,,,,1
2025-09-17,25330.25,0.3611475529465391,0.8610735048180329,1.4301404159334785,2.489168337929204,1.3994816144026423,66.1468939024708,24868.992578125,24890.03109375,19.14067848034334,0.6893041988320825,1,1.7686555094764023,0.9646590872596194,2,,,,,,,,1
2025-09-18,25423.599609375,0.36853015416349333,1.4136885168630986,1.672030590770035,2.786813479067618,1.4891841356407198,68.37168189597243,24887.64501953125,24888.0530859375,20.491819315669726,0.6712074760057825,1,2.1518216856428296,1.068504305243395,3,,,,,,,,0
2025-09-19,25327.05078125,-0.37976065391384095,0.3484719076203957,0.8483347186827972,2.3687433056464924,0.9699537798375513,63.70825668504064,24899.81005859375,24885.072109375,21.38007042931389,0.6658142359226012,1,1.776079530460728,1.1290968035257725,4,,,,,,,,0
2025-09-22,25202.349609375,-0.49236357186648316,-0.5049314184621179,0.531131407362273,1.7325177136631842,1.3359415732888902,58.18787087857462,24916.42255859375,24882.0141015625,21.153277097063754,0.672514637838467,1,1.2874179176370681,1.1653527334246832,0,,,,,,,,0
2025-09-23,25169.5,-0.13034343973540308,-0.9994635428466236,-0.27576106300221115,1.209961137142468,0.8080423746633203,56.791811817653176,24926.51005859375,24882.407109375,20.47562101484281,0.675594717140514,1,1.1537987034897057,1.187824037991673,1,,,,,,,,0
2025-09-24,25056.900390625,-0.447365300760838,-1.0666476446795636,-1.0791429590114587,0.3355641973195045,1.3954714338668017,52.171258402344506,24943.7525390625,24881.8991015625,19.457015092997587,0.6706508286775427,1,0.7033277015881412,1.180825057506652,2,,,,,,,,0
2025-09-25,24890.849609375,-0.6626948212322681,-1.2359958687507722,-2.095493982699237,-0.4585006923476853,1.591570973037415,46.201544867609584,24963.25,24875.800078125,18.53786620097754,0.6884269597022251,1,0.06049868226443156,1.1145980348307012,3,,,,,,,,0
2025-09-26,24654.69921875,-0.9487437927231501,-2.0453357486243218,-2.654677673713801,-1.828863507406231,0.9327834453426664,39.31214559189625,24974.64248046875,24864.653046875,18.872295015638006,0.7211084120224507,0,-0.8443867192885923,1.0475196198284376,4,,,,,,,,0
2025-09-29,24634.900390625,-0.08030448049409777,-1.6841668100252782,-2.2515726809016035,-1.7324000832071862,0.03999833122172447,38.78989497478958,24975.1349609375,24855.1220703125,19.279351218582335,0.7238087757162236,0,-0.8860213161074659,1.045547360827952,0,,,,,,,,0
2025-09-30,24611.099609375,-0.09661407544825362,-1.1239069955034098,-2.2185597275472313,-2.4882028666614153,0.12815505744847577,38.134049463507054,24976.7099609375,24847.9760546875,19.737373927219775,0.7145805938581858,0,-0.9533027752085865,1.0365573484639246,1,,,,,,,,1
2025-10-01,24836.30078125,0.9150390492475902,0.7365799148013608,-0.8803946455306022,-1.9500368877133023,0.4905917494290035,47.226178796262865,24982.7724609375,24842.8880859375,19.216944333562413,0.732873070727158,0,-0.02651585703205006,1.0063950627208766,2,,,,,,,,1
2025-10-03,24894.25,0.23332467769816567,1.0527731196903867,0.013661207545601073,-2.082119044935715,0.6466696599373822,49.29135696930118,24990.769921875,24839.555078125,18.49439993342112,0.7240602842818092,1,0.22019284042316123,0.9804372425825195,4,,,,,,,,1
2025-10-06,25077.650390625,0.7367178791287232,1.8956925478952558,1.715499216284666,-0.9847194321165653,1.3606983979022713,55.25874769684209,25007.60244140625,24836.710078125,17.63509678229342,0.7284633053862928,1,0.9700975360348085,0.946896730147055,0,,,,,,,,1
2025-10-07,25108.30078125,0.12222193924698033,1.0951711464428193,1.921665535961159,-0.37317484116645705,1.3528775522705816,56.186706775712835,25024.3599609375,24837.6341015625,17.446951079377346,0.7167404470449625,1,1.089744210663257,0.9232076171355248,1,,,,,,,,0
2025-10-08,25046.150390625,-0.24752925801897474,0.6101826350462414,1.7677015174254018,-0.49007572409066613,0.7139556872477248,53.75220816254991,25033.2375,24841.817109375,16.85632505789651,0.7196707663615911,1,0.8225375798813328,0.9139300078612643,2,,,,,,,,1
2025-10-09,25181.80078125,0.5416017571936882,0.4153115981867961,1.391108937852903,0.4984670437199412,0.835703917973607,58.026936243149095,25043.67255859375,24851.8351171875,16.34291336592789,0.714290488881487,1,1.327731584032188,0.9164075828772397,3,,,,,,,,1
2025-10-10,25285.349609375,0.41120501676790155,0.7051406212929212,1.5710439534229792,1.5849197845436924,1.119152224010711,60.9910227819235,25057.6650390625,24861.1201171875,16.522699791010112,0.7096786231269815,1,1.7063973392502652,0.9362677046469217,4,,,,,,,,0
2025-10-13,25227.349609375,-0.22938183927065925,0.7234613540363588,0.5969427614556988,2.3226825261348116,0.45134032561520154,58.49908733818215,25063.33251953125,24868.56609375,16.657584313847213,0.698173733438087,1,1.4427189499887083,0.9493620598158898,0,,,,,,,,0
2025-10-14,25145.5,-0.3244479132464395,-0.14415482659615453,0.14815506263881062,2.0726676433784563,0.3043606641927932,55.079051739561905,25067.14755859375,24876.1091015625,16.141662357312658,0.7213725546244506,1,1.0829302015747277,0.9552561140605418,1,,,,,,,,1
2025-10-15,25323.55078125,0.7080820872521931,0.15108025977554895,1.1075569949816844,2.8948368142137415,0.3346045349558846,60.49029742190823,25071.3701171875,24891.273125,15.963360742345207,0.7270916584702313,1,1.736663504832281,0.96391110846278,2,,,,,,,,1
2025-10-16,25585.30078125,1.0336228211479837,1.4189012219578467,1.6023476776150236,3.015747017226711,1.00690195023736,66.81839559695683,25084.12265625,24908.524140625,16.982742022481986,0.7525191800242602,1,2.717048335759076,1.0325078896317732,3,,,,,,,,1
2025-10-17,25709.849609375,0.48679837376106594,2.2443363996540233,1.678837771903341,3.2762570046295902,1.125922388639422,69.33518799248363,25098.43515625,24929.7301171875,18.47941808546202,0.7712014423031083,1,3.1292737166442652,1.1280518369316619,4,,,,,,,,1
2025-10-20,25843.150390625,0.5184813729964155,2.051843415891419,2.4410046667017182,3.0525188288220706,2.037740650629072,71.80048570325461,25124.24013671875,24955.109140625,20.309230629418817,0.7722192949618975,1,3.5585548634381015,1.2824895530993943,0,,,,,,,,1
2025-10-21,25868.599609375,0.09847568259027106,1.1072718298180462,2.8756620841701386,3.0280775857710163,2.6436027208834645,72.25902569552238,25157.55263671875,24980.558125,22.032241416103325,0.7463279219901906,1,3.55493051809066,1.4335511779722645,1,,,,,,,,1
2025-10-23,25891.400390625,0.08814076368377499,0.7061526380294225,2.2423775175930194,3.374770121624704,2.868155468424094,72.68753129796119,25193.64765625,25011.1201171875,24.10219305363188,0.7591018979690327,1,3.5195555789305777,1.5664268567398358,3,,,,,,,,0
2025-10-24,25795.150390625,-0.37174505259611745,-0.18573586917410845,0.8201959835030914,2.4356860524116675,2.946294188391385,67.9182085784435,25230.56015625,25035.322109375,24.97022551280522,0.7700779251828654,1,3.035024985620094,1.6498109234109475,4,,,,,,,,1
2025-10-27,25966.05078125,0.6625291500029773,0.3767160702417005,0.9965098037040931,2.692077358592737,4.319664409807977,71.4946430739973,25284.32021484375,25064.8951171875,25.972683609081052,0.7683534599226305,1,3.5952899856523057,1.7243047931744941,0,,,,,,,,0
2025-10-28,25936.19921875,-0.1149638146805021,0.1730258983643873,0.3600521868214468,2.809845744206041,5.197792066452855,70.02618739939679,25348.39521484375,25091.232109375,27.01756623577432,0.778088476223097,1,3.3675791834044233,1.7141023895191645,1,,,,,,,,1
2025-10-29,26053.900390625,0.45381040946781415,1.003095527964204,0.7163154714523001,3.612576368038023,5.7601207128891385,72.43062067954429,25419.34521484375,25119.6841015625,28.167678644458736,0.7635642850440381,1,3.7190606589053044,1.6807166540819183,2,,,,,,,,0
2025-10-30,25877.849609375,-0.6757175647810088,-0.33967880837192377,-0.05233699624415111,2.1888669283117057,5.147067868180355,64.14245922328323,25482.68271484375,25139.702109375,28.361161962884847,0.7714396813110187,1,2.936182365202855,1.5659236730482775,3,,,,,,,,0
2025-10-31,25722.099609375,-0.6018660837397216,-0.8254856757123563,-0.28319579511562054,0.534677427850494,3.5665489636593772,57.837002428753266,25526.97265625,25154.53109375,27.63467949450647,0.7880290910435924,1,2.2563271543790453,1.4710299747289324,4,,,,,,,,1
2025-11-03,25763.349609375,0.16036793506921665,-1.1151911110957813,-0.780639203021849,0.20809145449256494,3.4911660699759928,58.986938552727146,25570.42763671875,25168.7870703125,26.549199217782867,0.7742639980702573,1,2.362301120834731,1.3615867307803613,0,,,,,,,,0
2025-11-04,25597.650390625,-0.6431586779760301,-1.0827762854317302,-1.305313956257148,-0.9499615808800876,2.0735594918190436,52.76187679432724,25596.42763671875,25179.065078125,25.13316666789754,0.7819334940703976,1,1.6624338957829554,1.2933222737481698,1,,,,,,,,0
2025-11-06,25509.69921875,-0.34359080045569534,-0.825750595210295,-2.088751256878296,-1.387397833839188,1.5986682690998677,49.76012275448007,25616.49755859375,25191.8570703125,23.361818864213447,0.781113380988599,1,1.2616860581194045,1.2211042953912936,3,,,,,,,,0
2025-11-07,25492.30078125,-0.06820322478444663,-1.0520713813795712,-1.4898796999937902,-1.5414369379553094,1.781313230443593,49.16424449788532,25638.805078125,25202.3480859375,22.60203236052012,0.791044594795936,1,1.1504987325934524,1.1109043439368367,4,,,,,,,,1
2025-11-10,25574.349609375,0.32185728871263475,-0.09102703136587564,-0.5744087856115354,-0.855977879199521,1.5588592393967593,52.07866252492739,25658.43251953125,25219.5940625,21.30668664186011,0.7771932079414272,1,1.4066663642397836,1.027268436345813,0,,,,,,,,1
2025-11-11,25694.94921875,0.47156471705849246,0.726194371840494,-0.26549494402742235,-1.0440615894341643,1.6199088234996495,56.065650827849765,25678.9125,25243.4750390625,19.80834957309325,0.7923897980309029,1,1.7884787216850162,0.9637504093246152,1,,,,,,,,1
2025-11-12,25875.80078125,0.7038409025849734,1.504375785029466,1.0866246955496761,-0.23287312451061304,2.5704292441169674,61.269557902232464,25711.33505859375,25272.4540625,19.46959110144202,0.7967884791948491,1,2.387368940340706,0.8772321213250623,2,,,,,,,,1
2025-11-13,25879.150390625,0.012944949620363744,1.1918222199412964,1.4482772560620694,-0.6707249102053114,2.9176210082320964,61.360845028772985,25748.017578125,25297.5360546875,19.473620440146426,0.795615383269688,1,2.2990947999053324,0.7202154259704916,3,,,,,,,,1
2025-11-14,25910.05078125,0.1194026471448284,0.8371355812722747,1.6387300761305124,0.12443526939476257,2.3160259201653988,62.244915765987315,25777.342578125,25324.145078125,19.06922449847811,0.7928745991708046,1,2.313624808724968,0.6191287511134336,4,,,,,,,,1
2025-11-17,26013.44921875,0.39906690408659795,0.5319581746035862,1.71695318192584,1.1326820663924764,1.6734156895812813,65.12073393605587,25798.75,25350.113046875,19.063865857789377,0.7656738120688708,1,2.616699068159667,0.6227552890796084,0,,,,,,,,0
2025-11-18,25910.05078125,-0.39748069020186794,0.1194026471448284,0.8371355812722747,0.5694180846019137,0.7786944494688752,60.183874034015034,25808.76005859375,25373.628046875,18.86771820505476,0.7560953911062381,1,2.1140955222643587,0.6267937559736749,1,,,,,,,,1
2025-11-19,26052.650390625,0.5503640675154298,0.5503640675154298,0.6834555995776093,1.777506892455416,0.8106596789995146,64.21329192393932,25819.23505859375,25399.8610546875,18.89525981868831,0.7581384585468343,1,2.570050814577307,0.6573333533819149,2,,,,,,,,1
2025-11-20,26192.150390625,0.5354541588221684,0.6869568520970981,1.2094678352090993,2.675261538847895,1.2507471843691942,67.6611432201338,25835.41259765625,25428.2410546875,19.651391517199862,0.7531419762572239,1,3.004176868917474,0.7268437062665847,3,,,,,,,,0
2025-11-21,26068.150390625,-0.47342428227803435,0.6101864126387913,0.6101864126387913,2.2589157970337004,0.6826590965856028,61.94786612301387,25844.25009765625,25452.2320703125,20.273528067851196,0.7410203527899192,1,2.4198990430819967,0.7560785836411552,4,,,,,,,,0
2025-11-24,25959.5,-0.4167936312968079,-0.3575466957424056,-0.2073897171279926,1.5060026804506244,0.6371337514462949,57.37622414967924,25852.467578125,25471.960078125,19.879273137322734,0.7544345974362288,1,1.914025934320196,0.7641244292238104,0,,,,,,,,0
2025-11-25,25884.80078125,-0.2877529180069005,-1.1734416792483326,-0.09745252995904119,0.7388672415101105,-0.31290857698957897,54.40358086402918,25848.405078125,25489.54609375,19.16359767681421,0.7508864464378837,1,1.5506540840164895,0.760058441428418,1,,,,,,,,1
2025-11-26,26205.30078125,1.2381783530362567,0.5261224466248438,0.5859303692185236,1.2733905427141812,1.0375520338595345,63.21062054025755,25861.86015625,25511.372109375,19.35546165176131,0.7901760536035491,1,2.720075850487058,0.8078271904278521,2,,,,,,,,1
2025-11-27,26215.55078125,0.03911422381892571,0.9863471224407228,0.08934123497310598,1.2998896236827928,0.6204460299662706,63.45374163951336,25869.94267578125,25534.299140625,19.922010971928366,0.7793719193946432,1,2.6679864478486026,0.8477222759011624,3,,,,,,,,0
2025-11-28,26202.94921875,-0.04806903583736144,1.229093629843403,0.5171016205794077,1.1304433170465256,1.25628525662822,62.90336589159085,25886.19765625,25553.5761328125,20.448092483512063,0.7535863679325857,1,2.541221950941197,0.894556888193656,4,,,,,,,,0
2025-12-01,26175.75,-0.10380212747401751,-0.11276642652063851,0.8330283711165398,0.623911038806102,1.7636600336453645,61.660215120389424,25908.88017578125,25570.4861328125,20.580073146206523,0.755499066206146,1,2.367040908193041,0.9152645220836518,0,,,,,,,,0
2025-12-02,26032.19921875,-0.5484113396941881,-0.6994000012814472,0.569440107905983,0.4714326441551897,1.0435351514896496,55.43353819828994,25922.32265625,25582.658125,19.832021869238226,0.7542166409867571,1,1.7572102615509566,0.916258070455015,1,,,,,,,,0
2025-12-03,25986.0,-0.17746951904364927,-0.8279572537382873,-0.8368565699002017,-0.2558295974715241,1.5171299062558985,53.55898658648125,25941.74013671875,25595.837109375,18.48295046510042,0.7498154334598526,1,1.5243216658934466,0.8704252336814479,2,,,,,,,,1
2025-12-04,26033.75,0.18375278996383138,-0.5424868437389541,-0.6934844999710199,-0.6047628326145249,2.0543197187711915,55.24361167384103,25967.94267578125,25612.4651171875,17.414045851783207,0.7386873583755715,1,1.6448431686873821,0.7783462005397259,3,,,,,,,,1
2025-12-05,26186.44921875,0.5865433091659877,0.5925354162505725,-0.06297001097950172,0.4538059906526559,2.72297288289709,60.213894763819056,26002.65009765625,25632.8041015625,17.000946062195766,0.7411833064049833,1,2.1599085101803306,0.6658009360892156,4,,,,,,,,0
2025-12-08,25960.55078125,-0.862653945989178,-0.09793434445470872,-0.8221320067237858,0.00404777152873681,1.5101114115270597,51.162084927504466,26021.96015625,25650.877109375,16.021335666235018,0.7751772279504594,1,1.2072634809116023,0.550765243305311,0,,,,,,,,0
2025-12-09,25839.650390625,-0.46570811090926867,-0.7455691530225184,-0.7396564020849761,-0.17442819439316137,0.563150254328626,47.08266079204344,26029.19521484375,25669.853125,15.559673068907896,0.7874593477669738,1,0.6614656686898979,0.4972601337041191,1,,,,,,,,0
2025-12-10,25758.0,-0.31598875909956137,-1.6361485865109993,-0.8773955206649697,-1.7069095485064856,-0.45525463055566817,44.50191867980416,26023.30517578125,25691.919140625,14.980788760468627,0.7926240005828051,1,0.257204839441183,0.5366231648374213,2,,,,,,,,1
2025-12-11,25898.55078125,0.54565875164998,-0.2388239006268722,-0.5193228741537381,-1.2092059504877017,0.07496533051574161,49.62100861316498,26024.2751953125,25717.1921484375,14.670303962825095,0.7953241356791261,1,0.7052038642699099,0.5298480215306071,3,,,,,,,,1
2025-12-12,26046.94921875,0.5729990019651465,0.8022509011972101,-0.5327182728543267,-0.5953528310789213,0.528360359675828,54.40322939992889,26031.1201171875,25745.909140625,13.714132061264383,0.7779236670203917,1,1.1692734425523987,0.5168165669497787,4,,,,,,,,0
2025-12-15,26027.30078125,-0.07543469807149705,1.0455034600900692,0.257120893013596,-0.5671249868676176,0.05324769654158068,53.676706364636566,26031.8126953125,25769.729140625,12.846748170752843,0.7619829618202603,1,0.9995124093832519,0.516975882819425,0,,,,,,,,0
2025-12-16,25860.099609375,-0.6424068837574293,-0.1484684305302464,0.07913891419142338,-0.66110284393891,-0.19278685440148324,47.82388171992547,26029.31513671875,25789.0461328125,12.460546819857575,0.7654257163979294,1,0.2755180482309383,0.5311971021394055,1,,,,,,,,0
2025-12-17,25818.55078125,-0.1606677033445636,-0.8768721264891366,0.23507563184252955,-0.6443824318864033,-0.89856350837626,46.46795154265772,26017.61015625,25803.864140625,12.466599132753915,0.7558294281859788,1,0.05691643912308919,0.5617465345792658,2,,,,,,,,0
2025-12-18,25815.55078125,-0.011619552256891819,-0.8135688052314016,-0.3204812527969336,-0.8381397944975277,-1.437833869149574,46.36573133093945,25998.78017578125,25818.009140625,12.717573783137706,0.7506337978439346,0,-0.0095218781649975,0.564107086634734,3,,,,,,,,1
2025-12-19,25966.400390625,0.5843362036054733,0.4110609891520456,-0.30924476969846904,-0.8403156391567634,-0.39032305121499133,52.07467706478451,25993.69267578125,25836.414140625,12.284882799463212,0.7418768727445446,1,0.5031125809197068,0.5578424483698796,4,,,,,,,,1
2025-12-22,26172.400390625,0.7933329106115661,1.370524675738083,0.5574900393802151,0.8160443557615471,0.8201251589013747,58.56141280379379,26004.3376953125,25856.2261328125,12.083830689044541,0.7419490261604673,1,1.222816725799225,0.5728940204824531,0,,,,,,,,1
2025-12-23,26177.150390625,0.018148889399149937,1.4007046080056318,1.2260230472393774,1.3061322227581273,1.1294257655124262,58.70022254413824,26018.95517578125,25874.0621484375,12.181179679191814,0.7200708219341008,1,1.1713979832339572,0.5803180188917018,1,,,,,,,,0
2025-12-24,26142.099609375,-0.13389838361685946,0.6766406437044514,1.253164172018395,1.49118568745632,-0.24117705193531513,57.17815503382745,26015.7951171875,25892.3571484375,12.287303316486758,0.7005182976970598,1,0.964541233174554,0.5678511855083062,2,,,,,,,,0
2025-12-26,26042.30078125,-0.3817552133005053,-0.49708703608860594,0.878346551353415,0.5550503625248115,-0.6608672899747425,52.96690356494894,26007.1326171875,25910.2931640625,11.581327752602537,0.6901661689537791,1,0.5094794425969384,0.5416138826726656,4,,,,,,,,0
2025-12-29,25942.099609375,-0.3847631310177624,-0.8979234857212748,-0.09358548310289816,-0.40254084458967165,-0.9954971373540844,49.059933903910625,25994.09013671875,25922.664140625,11.13901754497347,0.6946945541122512,1,0.0749748121742666,0.5160191894686791,0,,,,,,,,0
2025-12-30,25938.849609375,-0.012527898855285713,-0.7774815452356032,-0.8923552206302698,-0.3398399727209567,-0.9050376421879003,48.933855664916194,25982.2451171875,25929.7351171875,10.983592434153207,0.6723474161295694,1,0.03515073388258294,0.4906323107352569,1,,,,,,,,1
2025-12-31,26129.599609375,0.7353834224439026,0.3352193374091428,-0.1816499524983861,1.0421460244580683,0.3741535235134652,56.06966955247361,25987.11513671875,25938.1301171875,10.872826607227683,0.6878594865546834,1,0.738177699481235,0.5016644018838984,2,,,,,,,,1
2026-01-01,26146.55078125,0.06487344669803274,0.7881057237214328,0.01702683388675741,1.2704043800870535,0.6178356855614631,56.649399094779056,25995.14267578125,25944.198125,10.823005415568444,0.6613012327354624,1,0.7799534033584576,0.5195360082120353,3,,,,,,,,1
2026-01-02,26328.55078125,0.6960765170238581,1.502384175642657,1.099173235131734,1.9871743366893124,1.1323792432899493,62.38843234799726,26009.88271484375,25953.3971484375,11.519791877533255,0.6699399240816122,1,1.4454895082399055,0.588360723663689,4,,,,,,,,0
2026-01-05,26250.30078125,-0.2972058760474017,0.4619327264076878,1.1880348025632426,1.093337491350943,0.24383436626558286,58.78506715141603,26013.07529296875,25960.57515625,12.327048018806021,0.668335087028906,1,1.1160215952698005,0.6069725643559507,0,,,,,,,,0
2026-01-06,26178.69921875,-0.27276473171363724,0.12295479342174787,0.924673271895271,0.024066681049461636,0.8403074316033265,55.61948211774351,26023.98271484375,25968.2461328125,12.440679301916477,0.6630032672959043,1,0.810424719717906,0.6225386522635531,1,,,,,,,,0
2026-01-07,26140.75,-0.1449622016468255,-0.7132970698248364,0.04267340790402585,-0.1390540608195323,1.1652619320431823,53.96092150973747,26039.0376953125,25971.7401171875,12.143772054205112,0.6491242340643408,1,0.6507453179875888,0.6078815527273256,2,,,,,,,,0
2026-01-08,25876.849609375,-1.0095364158449915,-1.4226548296991215,-1.0314980898681547,-1.014646887447701,0.46140853084477573,44.11025065412922,26044.98017578125,25970.553125,11.953410208273974,0.6868295905472204,0,-0.36080677671357364,0.5789092066915048,3,,,,,,,,0
2026-01-09,25683.30078125,-0.7479613285493514,-1.8923722426406164,-2.4507615529659854,-1.3785264328813551,-0.8311275863197576,38.55165958515915,26034.21767578125,25963.1411328125,12.847913046035574,0.7309051051722681,0,-1.0778370387889424,0.6523982973977551,4,,,,,,,,1
2026-01-12,25790.25,0.41641539637333747,-1.340818453946424,-1.7525543234102825,-0.5853404761429704,-0.9855250862362608,42.83816260044804,26021.38271484375,25961.389140625,14.227821342793984,0.7699801380172099,0,-0.6592064072457382,0.682981119961817,0,,,,,,,,0
2026-01-13,25732.30078125,-0.2246942885392733,-0.558602883685777,-1.7051971672460975,-0.7962913977894726,-1.133425254041387,41.1626379300534,26006.63271484375,25961.5931640625,14.945359889096142,0.7988951478174535,0,-0.8831984283996008,0.7290438882457912,1,,,,,,,,0
2026-01-14,25665.599609375,-0.259211846006413,-0.0689209382616518,-1.8176616609125618,-1.7757639111834034,-0.7521239397294877,39.2592280895388,25996.90771484375,25959.6381640625,15.611645682091007,0.7960249615672899,0,-1.1326758594599973,0.7800831962311643,2,,,,,,,,1
2026-01-16,25694.349609375,0.11201764399650926,-0.37184746415797054,-0.705263595665373,-1.7294869050157091,-0.48105400232300033,40.53559419605034,25990.69765625,25961.5721484375,15.685861031136854,0.7970232437167962,0,-1.0293002963558284,0.8088085203557407,4,,,,,,,,0
2026-01-19,25585.5,-0.4236324757381116,-0.5704922482367647,-0.3807952181964058,-2.8222243883592957,-0.8911325704392348,37.33666797830104,25979.1951171875,25963.0881640625,16.466552848158198,0.7990768217521279,0,-1.4543268569458978,0.8746218073575214,0,,,,,,,,0
2026-01-20,25232.5,-1.3796877137441155,-1.6874712298433847,-2.162638981785747,-3.87729188222099,-2.8263462766674796,29.26958158716687,25942.50009765625,25957.8921484375,18.231314671175312,0.8696187721637568,0,-2.7944955787990056,1.106808477166271,1,,,,,,,,0
2026-01-21,25157.5,-0.29723570791637677,-2.089368353496368,-2.233771422681463,-3.9008783829052374,-3.8777505138143153,27.89074588435517,25891.755078125,25949.55515625,20.469399758118183,0.9181282703030506,0,-3.0522879929185676,1.2876366045842378,2,,,,,,,,1
2026-01-22,25289.900390625,0.526285960946038,-1.1553403661253459,-1.4638240464593166,-3.254878338896172,-3.3894063592107337,33.81793778116956,25847.392578125,25941.4541796875,21.735066368215403,0.9266730151850398,0,-2.511631709423112,1.3562294321473871,3,,,,,,,,0
2026-01-23,25048.650390625,-0.9539381186706164,-0.7286222505696993,-2.5130008292344796,-3.200541144892499,-4.182713841232055,29.120886373076857,25792.7201171875,25924.911171875,23.263747392049794,0.9607758323131311,0,-3.379995308144479,1.5123249338413274,4,,,,,,,,1
2026-01-27,25175.400390625,0.5060152863462841,0.07115329673059723,-1.6028594687420572,-1.9775510747270908,-3.3288164433196044,34.285134993104634,25749.37509765625,25910.836171875,24.898028403424487,0.9767748012845209,0,-2.8383328749856385,1.580405339601306,1,,,,,,,,1
2026-01-28,25342.75,0.6647346488174222,0.2089751582991184,0.4369364906370743,-1.735151850020844,-2.3103357800630997,40.45396922550112,25719.4076171875,25899.49015625,25.66899590933997,0.9564555068709222,0,-2.1496182082783255,1.5984814999703638,2,,,,,,,,1
2026-01-29,25418.900390625,0.30048195489833507,1.4781235484789823,1.0390555127695489,-1.2179260350219434,-2.0045191925630923,43.07270766784409,25693.41015625,25887.5991796875,25.89853051378563,0.9693145145494972,0,-1.810514701688748,1.6009934177457479,3,,,,,,,,0
2026-01-30,25320.650390625,-0.3865234077404689,0.5769520950859919,0.12159003999636653,-1.3440138707065286,-3.0959112686126167,40.5922730481131,25652.9626953125,25875.811171875,26.111669789342315,0.961470502040055,0,-2.145481652971004,1.5856000866143183,4,,,,,,,,0
2026-02-02,25088.400390625,-0.917235522852089,-1.0036385529392011,0.15869118447546793,-2.3582975555408114,-4.046998013152125,35.40230173948832,25600.05517578125,25856.526171875,27.65787352666979,1.0836275895109915,0,-2.9707230435522147,1.6052652433172485,0,,,,,,,,1
2026-02-03,25727.55078125,2.547593233021894,1.2142554787257342,2.193213939233374,0.5552003331965372,-2.282693054370488,53.15359129482384,25570.00517578125,25847.2341796875,26.46623142436706,1.3290481693075828,0,-0.4630414132725913,1.4237294896323265,1,,,,,,,,1
2026-02-04,25776.0,0.18831648283172964,1.7983329904653456,1.7095619062651002,2.153968096700676,-1.8068394156793177,54.18142497840534,25546.29013671875,25841.391171875,25.152417369598567,1.3023498096669284,0,-0.2530481870734902,1.2951763212965939,2,,,,,,,,0
2026-02-05,25642.80078125,-0.516756745616076,2.209787718599099,0.8808421575450254,1.9290501093113477,-2.0470781723034293,50.87648751721495,25519.49521484375,25835.0571875,23.93244717588497,1.270342048470597,0,-0.7441686885176324,1.1708102812327525,3,,,,,,,,1
2026-02-06,25693.69921875,0.19849016468285186,-0.1315770894315782,1.4732987595892144,1.596680184136634,-1.710168152214453,52.07936891300875,25497.14267578125,25831.23515625,22.543284422737095,1.2362162188794197,0,-0.532440422101621,1.0362889919558744,4,,,,,,,,1
2026-02-09,25867.30078125,0.6756581098813275,0.3542084933659151,3.1046235650641796,3.2682415134485554,-0.036901045796322585,56.03381819179235,25496.665234375,25824.47515625,21.811596130098444,1.2033219134020656,1,0.1658334767343339,1.0265929782297174,0,,,,,,,,1
2026-02-10,25935.150390625,0.26229876069705504,1.140084547974829,0.806915555779586,3.0178268794601726,0.9805967368448965,57.50963465683761,25509.25771484375,25818.8671484375,21.29760491186981,1.1480883384400773,1,0.4503808843314694,1.0812465837631624,1,,,,,,,,1
2026-02-11,25953.849609375,0.07209990483325601,1.0125065620568696,0.6899814143971117,2.4113389800830554,0.6343467371390243,57.92877508287877,25517.4376953125,25813.88515625,20.87139402146564,1.0954772613629622,1,0.5422060735058132,1.1221026328781671,2,,,,,,,,0
2026-02-12,25807.19921875,-0.565042923620962,-0.2323457055231848,0.6411095219372775,1.5275988424275466,0.2910677833929842,53.47371194989429,25521.1826171875,25806.514140625,19.96109798599237,1.0787659780126668,1,0.0026546713022490565,1.1415389741399822,3,,,,,,,,0
2026-02-13,25471.099609375,-1.302348257655217,-1.7892735313296826,-0.8663587421952723,0.5941759647915879,-0.7578237132981447,44.94290481679479,25511.4576171875,25795.2921484375,18.906806803935886,1.1166967392784897,0,-1.2567895614321922,1.1494820402219612,4,,,,,,,,1
2026-02-16,25682.75,0.8309432803093486,-1.0445448881582275,-0.7134520250515308,2.369021540317484,-0.045144592298873576,50.31798271593475,25510.87763671875,25789.2271484375,18.13046665030585,1.118581534187474,0,-0.41287452246878686,1.1385681474673222,0,,,,,,,,1
2026-02-17,25725.400390625,0.166066292063749,-0.316961276702854,-0.808747961129308,-0.008358318455126135,0.546795609329509,51.34873481819853,25517.87265625,25783.06015625,17.18235605415033,1.0908540742803536,0,-0.2236342981615569,1.1504063335163013,1,,,,,,,,1
2026-02-18,25819.349609375,0.3652002197183979,1.3672358293939535,-0.5182275540019154,0.16817818658829697,2.3257687877737077,53.63085713993761,25547.21513671875,25775.7181640625,16.08420545455811,1.0598490684324422,1,0.16927344190678095,1.1435416552896907,2,,,,,,,,0
2026-02-19,25454.349609375,-1.4136684522350174,-0.8893143866019027,-1.3672526273933672,-0.7349086922392445,1.1799646601411196,44.832152386861814,25562.0576171875,25765.594140625,15.850045315879113,1.1375969180389667,0,-1.2079850732386377,1.1070291556553709,3,,,,,,,,1
2026-02-20,25571.25,0.4592550680687868,-0.5992147382910207,0.39319225381277967,-0.4765729438470423,1.1124978945322272,47.78671247524382,25576.12509765625,25760.2261328125,15.658868794940663,1.130785393157907,0,-0.7335965602094929,1.0731252524423127,4,,,,,,,,1
2026-02-23,25713.0,0.554333479982394,-0.4118988703587845,0.11778333706475852,-0.5965090155902408,2.652237142579339,51.19959986151254,25609.342578125,25759.3261328125,15.064039780439634,1.0998401855572189,0,-0.17984217666894287,0.9564504243980141,0,,,,,,,,0
2026-02-24,25424.650390625,-1.1214156627970318,-0.11667639993072632,-1.1690780140767076,-1.9683710806031596,0.9900537672990373,44.78648676678408,25621.805078125,25749.848125,15.350789138700332,1.1411380906997373,0,-1.2629112715397794,0.8986596572057649,1,,,,,,,,1
2026-02-25,25482.5,0.2275335490801167,-0.34706946277557327,-1.3046401806058316,-1.8161067297112643,0.5514397608783472,46.24133129108572,25628.792578125,25738.559140625,15.57278329513256,1.1211178621744893,0,-0.9948464450787453,0.8693374294188231,2,,,,,,,,1
2026-02-26,25496.55078125,0.05513894339252978,-0.8417890512581239,0.1657915936671861,-1.2037278236465943,0.3054828864809567,46.60930896411125,25632.67509765625,25727.944140625,15.86015859558954,1.0886501033335545,0,-0.899385345794601,0.8562485564706173,3,,,,,,,,0
2026-02-27,25178.650390625,-1.2468368500212268,-0.9675649270312503,-1.5353164564696709,-1.1481609480352373,-0.560807079634007,39.9468995988034,25625.57509765625,25714.31515625,16.846073302965433,1.124432486041324,0,-2.083138370087223,0.9172039220722109,4,,,,,,,,0
2026-03-02,24865.69921875,-1.2429227421638323,-2.420487712155406,-3.2952233549177423,-3.1813212418841386,-0.8876658870536014,34.6899635124806,25614.4400390625,25695.258125,18.858372682110563,1.2224729944517492,0,-3.228451343880012,1.0518278548458846,0,,,,,,,,0
2026-03-04,24480.5,-1.5491187895474101,-3.985051899636549,-3.7135235927300836,-4.8391876189366245,-4.847141462679916,29.53748052974467,25552.0875,25668.557109375,21.17971855240204,1.3164976146978904,0,-4.628453030346158,1.4802525360889294,2,,,,,,,,1
2026-03-05,24765.900390625,1.1658274570576665,-1.6392856392083766,-2.8121244358873754,-4.08007651117398,-3.9187601232735902,37.00340586366927,25501.58251953125,25644.547109375,22.309221251236647,1.3161549688806835,0,-3.426251651091894,1.6076449639747434,3,,,,,,,,0
2026-03-06,24450.44921875,-1.2737318930444053,-1.6699711371352843,-4.102914043060668,-3.9439247359722596,-4.6498491825114785,32.85917115028481,25441.96494140625,25610.1080859375,23.556538161048348,1.3402031188850414,0,-4.5281295311059955,1.8826107735844082,4,,,,,,,,0
2026-03-09,24028.05078125,-1.7275692308183932,-1.8482025234370258,-4.569742982743086,-6.034899423180329,-6.482711669188113,28.290244488843058,25358.68251953125,25567.12609375,25.707657067939724,1.4900924287790194,0,-6.019743114093046,2.303942589578352,0,,,,,,,,1
2026-03-10,24261.599609375,0.9719840791548862,-2.036270732320722,-2.429449516221438,-5.64461708328472,-6.207455449077615,33.77339476960387,25278.3974609375,25529.51609375,26.90977432305979,1.4515213431188347,0,-4.96647284546613,2.436402205030653,1,,,,,,,,0
2026-03-11,23866.849609375,-1.6270567743087438,-2.386866613998495,-2.50669059302302,-6.127127639184449,-7.97489411126625,29.64707493130743,25174.982421875,25486.0070703125,28.347394185835782,1.5092090242151024,0,-6.353123329482169,2.7164045800067447,2,,,,,,,,0
2026-03-12,23639.150390625,-0.9540396930332928,-1.6185265886339506,-4.5496024058407585,-7.23378636073776,-8.918519809538727,27.555736672073138,25059.2474609375,25439.9480859375,30.011881091447655,1.5087432654614275,0,-7.078621737864044,2.98657612249442,3,,,,,,,,0
2026-03-13,23151.099609375,-2.064586811222946,-4.577192014869825,-5.314215692931256,-9.199092034048107,-10.29208782735801,23.697161885653003,24926.44248046875,25384.1930859375,32.00776274103352,1.593152822004644,0,-8.79718125765283,3.4611204692664863,4,,,,,,,,1
2026-03-16,23408.80078125,1.1131271353117311,-1.919184289597553,-2.5771961514382324,-7.029167893899446,-8.096622681205101,29.324702116075116,24823.3275390625,25329.777109375,34.00283495052929,1.6299032169536876,0,-7.583865897556652,3.66607223996697,0,,,,,,,,1
2026-03-17,23581.150390625,0.7362598835607637,-0.24535568766888005,-2.804634606561829,-5.165946940902366,-8.18292281541112,32.88959409972357,24718.24755859375,25278.4691015625,35.309337154556104,1.5963814455199683,0,-6.714483792978532,3.714387886110291,1,,,,,,,,1
2026-03-18,23777.80078125,0.8339304375208911,2.7070039110419497,-0.373106755111996,-2.8704447162026914,-7.570726129824424,36.80630630847311,24620.867578125,25227.4541015625,35.82687161200948,1.5545370238916656,0,-5.746332208063409,3.643065110001029,2,,,,,,,,0
2026-03-19,23002.150390625,-3.2620779262169552,-1.737168829898883,-2.6946822938806902,-7.121687369249285,-10.911193586871281,29.494445472240955,24480.0076171875,25162.49109375,37.07648876903344,1.7553335516874742,0,-8.585559732842174,3.8684634527836477,3,,,,,,,,1
2026-03-20,23114.5,0.4884308965338757,-1.9789127455398625,-0.15809015551113692,-5.463904596589241,-9.192337047626697,31.61361434701,24363.01513671875,25101.207109375,38.236847557698546,1.728024160595321,0,-7.914787128436496,3.9308837542501363,4,,,,,,,,0
2026-03-23,22512.650390625,-2.6037751600726855,-5.320720794425338,-3.828262707685559,-6.30679701995438,-11.961087586156328,26.941943329435304,24210.08515625,25028.6451171875,39.84286503896417,1.8515824209792073,0,-10.052460749602199,4.224084521462574,0,,,,,,,,1
2026-03-24,22912.400390625,1.7756683156527453,-0.39018091124463083,-2.835951549954363,-5.56104807792085,-10.891765291389566,33.92608897979758,24070.05517578125,24969.3561328125,40.696038886728076,1.8591224127033505,0,-8.237920638588003,4.031912275305123,1,,,,,,,,1
2026-03-25,23306.44921875,1.719805962740728,0.8304277347552347,-1.9823177376087853,-2.3480283313339845,-8.331289277653386,40.01365677959045,23964.1451171875,24921.8191015625,40.33697687134721,1.866605855358167,0,-6.481749491196753,3.779014297130981,2,,,,,,,,0
2026-03-27,22819.599609375,-2.088905112938999,1.3634521632238439,-0.7936248487637187,-3.466921474364937,-10.4499181423526,35.64415796677078,23831.00009765625,24862.40609375,40.31413290014501,1.9273571335339519,0,-8.216447260462568,3.678636984909487,4,,,,,,,,0
2026-03-30,22331.400390625,-2.139385559374285,-2.535744793625927,-3.3879149857232504,-3.5406491811648677,-12.414033638434852,31.8841778866084,23672.742578125,24794.3880859375,40.84049812314562,2.0001775982673213,0,-9.93364985163485,3.612132760006338,0,,,,,,,,1
2026-04-01,22679.400390625,1.5583438293735208,-2.690451995667109,0.7406946632522615,-3.115923782004393,-9.926068161820812,36.98682347464525,23547.780078125,24734.6641015625,40.731642067683694,2.0208962330862392,0,-8.309244477703126,3.319604177942428,2,,,,,,,,1
2026-04-02,22713.099609375,0.14858954897207788,-0.4667040694099067,-0.8698380695701724,-3.681121433308465,-8.656903594135933,37.47527834171823,23440.15009765625,24675.0391015625,41.084907489809325,2.062372765098724,0,-7.951109962226011,3.112792234764884,3,,,,,,,,1
2026-04-06,22968.25,1.123362266767347,2.8518122385300826,-1.4510971430084618,-3.404649524561465,-6.177365658381162,41.19224573572585,23364.53759765625,24622.6941015625,40.86178361628787,2.035410539244525,0,-6.71918391520575,2.916105571364168,0,,,,,,,,1
2026-04-07,23123.650390625,0.6765878576948658,1.9588260374980626,1.3324106752735876,0.5282114843033092,-6.631093455506532,43.399233125479704,23282.42509765625,24580.517109375,40.26597408381125,2.0115537473719867,0,-5.926916477254873,2.5260896457099893,1,,,,,,,,1
2026-04-08,23997.349609375,3.7783792956159967,5.654226072560853,7.460119784737662,3.819462282874375,-1.8531340889538228,53.87913517623439,23259.7701171875,24557.3141015625,37.89316020856946,2.0681987923691,0,-2.2802350854480125,2.2662329171139026,2,,,,,,,,0
2026-04-09,23775.099609375,-0.9261439434677166,3.5128910969490557,4.831253030847016,5.60773252746698,-1.0527328004167003,51.27818485334231,23247.12255859375,24527.0180859375,35.91198169096281,2.032924173364583,0,-3.065674245144423,2.219679626962788,3,,,,,,,,1
2026-04-10,24050.599609375,1.1587753764504383,4.0086630055858885,5.888672277243634,4.967612294413781,-0.8696870915241184,54.22787905826242,23236.57255859375,24507.0570703125,33.91349426613717,1.9548778683242802,0,-1.862555180036074,2.1127455371284194,4,,,,,,,,0
2026-04-13,23842.650390625,-0.8646321593950623,-0.6446512688616401,3.8069961386914652,2.300655783479999,-0.10139259745657325,51.68437085536222,23235.36259765625,24480.4020703125,32.53630965304483,1.979369481721585,0,-2.605151981800591,2.1246572185250128,0,,,,,,,,1
2026-04-15,24231.30078125,1.6300637062472756,1.91881918212915,4.790119085497313,6.186353818824375,2.5049563154344145,55.85216651842818,23264.9701171875,24458.1730859375,30.531270575622884,1.9376926534563952,0,-0.9275930131426802,2.2578244644753305,2,,,,,,,,0
2026-04-16,24196.75,-0.1425873978533332,0.6076787813973361,0.8309267226206618,8.353034636189216,4.516633802575698,55.39468837532814,23317.25263671875,24433.730078125,28.447191620676744,1.8898683835868284,0,-0.9698890728811138,2.4149563788340522,3,,,,,,,,1
2026-04-17,24353.55078125,0.6480241406387144,2.142800327374217,2.4330126114252115,7.381810637802588,4.03587526259237,57.111589595111816,23364.49013671875,24414.3880859375,26.524660962442606,1.8244852173778205,0,-0.24918627685180939,2.5813006873653195,4,,,,,,,,1
2026-04-20,24364.849609375,0.04639499277327985,0.5511418034492843,1.306620230281097,7.272235090794155,3.323413852877888,57.23931381553368,23403.67509765625,24399.9170703125,24.74030691412047,1.7635623882960225,0,-0.143719590670921,2.7341014083543134,0,,,,,,,,1
2026-04-21,24576.599609375,0.8690798564113589,1.569837310279265,3.0783038241360527,7.00249087054956,3.359431073856478,59.66371194568697,23443.6150390625,24376.898046875,23.329812521380234,1.6952130216250199,1,0.81922466966875,2.897598260373376,1,,,,,,,,0
2026-04-22,24378.099609375,-0.8076788618238351,0.10080184341700882,0.6058231435870365,5.424961879109658,5.981828635077502,56.4335913345182,23512.4125,24348.9400390625,22.015395190730583,1.6524883364812943,1,0.11975704184954417,3.0083727303042105,2,,,,,,,,0
2026-04-23,24173.05078125,-0.8411190019346093,-0.7871947957815428,-0.0979438096025298,0.7321690717309925,4.579596276147013,53.2278473479168,23565.3400390625,24319.5450390625,20.601872150881437,1.6193615074037926,0,-0.6023725262014556,3.0666802396129977,3,,,,,,,,0
2026-04-24,23897.94921875,-1.1380506539678703,-2.7613681364045295,-1.870780842565145,0.5167154350283365,6.153423982019834,49.19052819401347,23634.60498046875,24283.6300390625,19.970723412728226,1.6382719684200475,0,-1.5882338006801167,2.9350612178246736,4,,,,,,,,1
2026-04-27,24092.69921875,0.8149234824183171,-1.170724524052913,-1.1169795627233525,0.17504598662310134,5.151353886989241,51.96802589741772,23693.619921875,24248.1380078125,19.384656727300243,1.5779600141488868,0,-0.6410339177895574,2.851327225518027,0,,,,,,,,0
2026-04-28,23995.69921875,-0.4026115924964935,-0.7336747194423787,-2.363632072206645,0.6419119754621727,2.9573359439304836,50.48764625612952,23728.082421875,24209.348984375,18.699250802100135,1.5380735620609012,0,-0.8825093386975902,2.8496680363862117,1,,,,,,,,1
2026-04-29,24177.650390625,0.7582657634449097,1.170398218335622,-0.8222512089207878,-0.22140945345581198,5.951247193189446,53.181782563529886,23795.9849609375,24173.825,17.63996828203932,1.5176145534951488,1,0.015824515255657978,2.7119517318262423,2,,,,,,,,0
2026-04-30,23997.55078125,-0.7449012061355398,-0.3949264324271007,-0.7260151049536812,-0.8232478277041322,7.461020632295279,50.26620444223432,23879.29248046875,24137.63203125,17.28010550101856,1.5331346762006708,0,-0.580343796022087,2.3270967721005156,3,,,,,,,,1
2026-05-04,24119.30078125,0.5073434414612388,0.515098815722026,0.9262366426251001,-0.9618720576071049,6.348935006325007,52.174992553013745,23951.2875,24110.5960546875,16.382103629245215,1.5031057864029809,1,0.03610332379488934,2.00414609656359,0,,,,,,,,0
2026-05-05,24032.80078125,-0.35863394542201554,-0.5991054012062569,-0.2486165495868775,-1.362819116261793,5.810308564535527,50.68655468891057,24017.27255859375,24077.5970703125,15.84563884115382,1.4712784530655498,0,-0.18604966654970356,1.6047503128623404,1,,,,,,,,1
2026-05-06,24330.94921875,1.240589643353629,1.3893019355979197,1.397125363773677,-0.9995296116200425,5.932969289127388,55.40850546771987,24085.40751953125,24049.708046875,14.821499578228064,1.454720434790184,1,1.1694161580957152,1.240592321846766,2,,,,,,,,0
2026-05-07,24326.650390625,-0.017668148029703623,0.8596833351661282,0.6162716293464765,-0.21104688049684572,5.2024657857988155,55.32624531050609,24145.55751953125,24019.8540625,14.185843957926211,1.409217083126931,1,1.2772614160215578,0.8392690358193275,3,,,,,,,,0
2026-05-08,24176.150390625,-0.6186630612244115,0.596474837368266,0.7442409894369062,0.012822582482652223,0.7450855371967657,52.39358145109556,24154.49755859375,23994.290078125,13.180980570652858,1.3757947973240146,1,0.7579316241816958,0.8323420865238854,4,,,,,,,,0
2026-05-11,23815.849609375,-1.4903149402549887,-2.1170551331308185,-1.2581259076585583,-0.34354248820055444,0.17139780976536123,46.09429122724923,24156.53505859375,23959.1820703125,13.05655512642684,1.4099360926300002,0,-0.5982360354241933,0.8286648049007054,0,,,,,,,,0
2026-05-12,23379.55078125,-1.8319683541890175,-3.8932594260490228,-2.7181600927248306,-2.9600188464769306,-2.790154254047883,39.84673965556691,24122.9826171875,23912.5130859375,13.850693575495448,1.476472396229855,0,-2.228800890864635,1.1231054700645111,1,,,,,,,,1
2026-05-13,23412.599609375,0.14135784059419176,-3.1582810700337527,-3.7744092970581566,-2.430017162906306,-1.8037037586186244,40.50455369243125,24101.480078125,23872.2720703125,14.7433001133979,1.4668238760133436,0,-1.9255496903838876,1.2876395233052056,2,,,,,,,,1
2026-05-14,23689.599609375,1.1831236369372666,-0.5301091586936368,-2.618736122814125,-2.0186030212399952,-2.2355430967790357,45.849628564511065,24074.39501953125,23836.4140625,14.983147652100293,1.456058023912098,0,-0.6159250831104357,1.3224989373472278,3,187.46,187.46,684.33,684.33,-225611.0,0.74,39.4,0
2026-05-15,23643.5,-0.19459851637491088,1.128974723336773,-2.2032059778696267,-1.4753621504017378,-2.2864640912519274,45.12306960615039,24046.73251953125,23799.353046875,15.020475701578869,1.423872495093607,0,-0.6548625358346216,1.3791795199237888,4,1329.17,1516.63,-1958.82,-1274.4899999999998,-216507.0,0.65,45.7,1
2026-05-18,23649.94921875,0.027276920718177777,1.0137687114418537,-0.696596566345864,-1.9459584121313656,-2.8891128395195143,45.25377207386062,24011.55244140625,23768.7790234375,15.661732419472754,1.4361382679560375,0,-0.49994071874842616,1.3918947888783229,0,2813.69,4330.32,2682.12,1407.63,-209866.0,0.94,40.6,0
2026-05-19,23618.0,-0.1350921241076941,-0.3022406902422503,1.0199050485659056,-1.7259776961727313,-3.0652748584486633,44.68596224074443,23974.2099609375,23743.8250390625,15.982647815725032,1.394366036368842,0,-0.5299274184150882,1.3945138201113192,1,-2457.49,1872.8300000000004,3801.68,5209.3099999999995,-216280.0,0.63,38.1,1
2026-05-20,23659.0,0.173596409518173,0.06555712986655582,1.0524264487329127,-2.761705730050923,-3.7336312751133027,45.6287751875457,23928.32998046875,23727.3950390625,16.66942546900513,1.3811649524734502,0,-0.2882534679845783,1.2847462307166502,2,-1597.35,275.4800000000005,1968.35,7177.66,-222520.0,0.72,35.8,0
2026-05-21,23654.69921875,-0.018178203854768427,0.02008460972184878,-0.14732368296840326,-2.7622017872791726,-2.967419127070936,45.541086868015775,23892.1599609375,23705.171015625,16.75696791264544,1.3622507335057517,0,-0.21291471317264055,1.2274809669321962,3,-1891.21,-1803.1899999999996,2492.42,8985.75,-231190.0,0.62,39.2,1
2026-05-22,23719.30078125,0.2731024474358801,0.42891346113134166,0.3205988167995333,-1.8896706133667895,-1.8770903354571766,47.1830250854317,23869.4724609375,23690.548046875,16.838257324597155,1.3159937582313013,1,0.12136795787969223,1.2012599521329592,4,-4440.47,-7572.83,6003.53,16948.1,-224992.0,0.65,34.1,1
2026-05-25,24031.69921875,1.317064277657587,1.5752957384082222,1.6141683708028598,0.9063275630109446,0.5596714545491599,54.35061695858863,23876.1599609375,23690.621015625,16.203687110301175,1.3057239608574198,1,1.4397182872498027,1.195065761729858,0,821.75,-9564.77,3856.88,18122.86,-214977.0,0.79,40.6,0
2026-05-26,23913.69921875,-0.4910181295375682,1.0949198618205314,1.252007870056726,2.2846822100978104,-0.7429636603801248,51.507293223912114,23867.2099609375,23683.6630078125,15.714934000535617,1.2794791318509844,1,0.9712864554001444,1.18278460489293,1,-2407.87,-9515.150000000001,1361.43,15682.61,-152865.0,0.47,38.2,0
2026-05-27,23907.150390625,-0.027385257567613674,0.791969422317429,1.0488625496639647,2.112327505280409,-0.36901957854100775,51.34674665362195,23862.78251953125,23684.4690234375,15.337675040075178,1.2257449091783394,1,0.9401999553679596,1.1771368233214727,2,-1042.7,-8960.5,3821.0,17535.260000000002,-163012.0,0.52,40.9,0
2026-05-29,23547.75,-1.5033175629577955,-2.013795255777895,-0.4521267328786216,-0.5987843260924719,-2.6053002688352533,43.35920321299228,23831.2875,23682.641015625,15.939879194813651,1.3127064327362306,0,-0.5695775886481624,1.187240154715119,4,-21105.86,-28175.15,16764.14,31806.980000000003,-201309.0,0.46,28.0,0
2026-06-01,23382.599609375,-0.7013425513053284,-2.2209011015685176,-1.4195240196168024,-1.10347618002834,-2.5625580605312392,40.25993531470256,23800.53994140625,23687.271015625,16.78016606640586,1.342334180910865,0,-1.2862241752079728,1.2563862482096657,0,-3911.68,-27646.36,5109.13,30912.580000000005,-223180.0,0.42,35.2,1
2026-06-02,23483.55078125,0.431736306319519,-1.771853200627005,-2.2809391566965154,-0.7035889843183152,-2.635855847422508,42.94460574083968,23768.75244140625,23688.766015625,17.836461248986843,1.3407996027989402,0,-0.8662976967210523,1.24282033212426,1,-8362.92,-36831.03,9589.32,36645.020000000004,-230096.0,0.45,28.0,0
2026-06-03,23405.599609375,-0.33193946094914883,-0.6036686758819854,-2.1247219208001655,-0.8993157364086679,-2.6097714435528108,41.39758456191864,23737.3923828125,23685.255,18.98125132440107,1.3505090594561926,0,-1.1807151353236511,1.2632217931595802,2,-5616.56,-40039.72000000001,5740.89,41024.48,-259253.0,0.49,31.8,1
2026-06-04,23416.55078125,0.046788683297016576,0.1451984485993041,-2.0521040833347715,-1.024765284881013,-3.758170013339812,41.71524653790962,23691.6724609375,23678.03,20.019204889296503,1.3199551832572585,0,-1.1043115442880946,1.1466268139733056,3,-4447.06,-43444.08,4360.14,41563.62,-264568.0,0.51,34.1,0
2026-06-05,23366.69921875,-0.21289028843615165,-0.49758898723823997,-0.7688665849178822,-1.2175170664259216,-3.9460885755358444,40.63541192057645,23643.67490234375,23685.3209765625,20.745829511187107,1.2997259977449096,0,-1.34522879435659,0.9945328284844359,4,-8776.25,-31114.47,9133.57,33933.05,-267706.0,0.52,28.0,0
2026-06-08,23123.0,-1.0429338627102713,-1.2074017076742827,-1.1102256109749131,-2.513989711371989,-4.35615419993991,35.76188984333925,23591.0173828125,23685.4909765625,21.920734892602024,1.3112141489973979,0,-2.3748335093374373,0.9712008412152587,0,-5555.67,-32758.46,5165.24,33989.16,-277614.0,0.47,31.9,1
2026-06-09,23242.099609375,0.5150698844224255,-0.7449908976973951,-1.0281714810682852,-3.2856586718551295,-2.409109939013665,39.57596195504882,23562.3298828125,23700.0799609375,22.951809244960714,1.2650835770323023,0,-1.9324000269929198,0.9934371392263058,1,-4566.03,-28961.570000000003,6159.48,30559.320000000003,-277001.0,0.48,33.9,0
2026-06-10,23214.94921875,-0.11681556778996294,-0.6494284818723273,-0.8145503375552754,-2.921965328777454,-0.7040407407314597,39.00737963688059,23554.0998046875,23706.1309375,23.192667609596235,1.2501691315421573,0,-2.0719607094256465,1.0359180277232827,2,-2124.98,-25469.99,3123.95,27942.380000000005,-271979.0,0.5,38.8,0
2026-06-11,23161.599609375,-0.22980713363744965,0.16693166706309714,-1.0887648409736883,-3.1185263365489213,-1.0720723208348604,37.85646844866674,23541.5498046875,23703.2339453125,23.71934698300059,1.2423081377633431,0,-2.2850651400021738,1.0984009373566779,3,-1987.09,-23010.02,4224.51,27806.750000000004,,,50.0,1
2026-06-12,23622.900390625,1.9916620139797336,1.6384095570109336,1.0964371539024187,0.3191404300835643,-0.28155485888248233,51.250294658605526,23538.21484375,23719.2999609375,22.81837962672539,1.2773167466227713,0,-0.4064182773996561,1.0701328056469082,4,-1082.18,-15315.95,5341.29,24014.47,,,50.0,1
2026-06-15,23853.900390625,0.9778646829145199,2.7523263818252985,3.160923715024011,2.0156047194215265,0.8898868214308298,56.326500193773406,23548.73486328125,23749.7499609375,21.633195553959414,1.2909270735781226,1,0.4385327418553908,1.0968095826099815,0,200.05,-9560.23,3189.26,22038.490000000005,,,50.0,1
2026-06-16,23989.150390625,0.5669932287180934,3.572943126583694,3.2142138352623917,2.1529947241994085,1.4342575061686569,59.017278835625824,23565.694921875,23775.9449609375,20.53266748639101,1.2362354017645298,1,0.8967274698767236,1.162853948713816,1,-749.18,-5743.38,0.06,15879.070000000003,,,50.0,1
2026-06-17,24085.69921875,0.4024687267071059,1.9591109494271342,3.7508158721136553,2.905713251211006,1.980265978279272,60.87062809650734,23589.0798828125,23803.396953125,19.84298963350895,1.1844048946034396,1,1.185974700085568,1.2547231655760855,2,101.59,-3516.81,1561.4,14316.520000000004,,,50.0,1
2026-06-18,24168.0,0.34169978003351087,1.3167641527439544,4.34512472194557,3.2090516907028688,2.1514011581216463,62.43030893336268,23614.5298828125,23827.391953125,19.45329390997363,1.1410718385150336,1,1.4294810256408663,1.3599797708034036,3,-1025.2,-2554.92,3516.81,13608.820000000005,,,50.0,0
2026-06-19,24013.099609375,-0.6409317718677587,0.09983354291429603,1.6517837026686744,2.7663316267892535,1.5151340006932523,57.76350420077209,23632.44990234375,23845.1809375,18.552123370602676,1.1455547231489114,1,0.7042038066942258,1.418148594015358,4,4859.07,3386.33,-1159.64,7107.890000000004,,,50.0,1
2026-06-22,24102.900390625,0.37396580495980825,0.07141653525926106,1.0438544469560274,4.237773604744199,1.6172467009577085,59.64678290220119,23651.6298828125,23847.291953125,18.113308410085693,1.1056857619246871,1,1.0718551943022847,1.4775648850410157,0,-635.91,2550.37,1035.72,4954.350000000004,,,50.0,0
2026-06-23,23824.099609375,-1.1567105067506356,-1.4229575911329007,-0.6880226209032503,2.504076696088342,-0.8638573888817058,51.90820309820266,23641.24990234375,23848.271953125,17.002215154362165,1.1438241215507698,0,-0.10135889005925547,1.4581599273120167,1,17.86,3317.41,680.21,5634.500000000004,,,50.0,1
2026-06-24,24021.650390625,0.8292056551520766,0.03560881930737558,-0.26592056781619133,3.474921113432594,0.45141979451828185,56.24048028897944,23646.6474609375,23847.69296875,15.97048570261889,1.142831003852629,1,0.7294517843002835,1.4680435535260228,2,-1843.4,1372.4199999999998,3637.26,7710.360000000004,,,50.0,1
2026-06-25,24056.0,0.14299437722400388,-0.1945840121516773,-0.46342270771267957,3.861565719592952,0.6226154390753802,56.966386942059074,23654.08994140625,23851.9599609375,15.263674737348085,1.1309321424607264,1,0.8554434914223252,1.4962210909812115,3,383.76,2781.38,5747.75,9941.300000000005,,,50.0,0
2026-06-29,23946.25,-0.4562271366810755,0.5127177632221258,-0.2783880900943836,1.368797243471942,1.6923060589652872,53.890382850930365,23674.01494140625,23846.2589453125,14.1752425993039,1.1132642866015647,1,0.41931547802451785,1.523129473440343,0,-1350.1,-3427.79,2801.45,13902.390000000003,,,50.0,0
2026-06-30,23865.75,-0.33616954637991636,-0.6489994987431968,-0.9839081055873278,0.0496757728545516,2.0662817594981453,51.685853134822175,23698.1724609375,23839.6389453125,13.508684717094054,1.0989918913967427,1,0.1095278948955336,1.5100702098359742,1,-2556.75,-5348.63,6842.34,19709.010000000006,,,50.0,1
2026-07-01,24005.849609375,0.5870320831107279,-0.2084735227178225,0.762882975558421,0.06961154721230045,2.2241050043506183,55.12635474983774,23724.28740234375,23832.684921875,12.831120117065048,1.0693301228888634,1,0.726584889900761,1.5118548886328556,2,-1140.5,-6506.99,3159.24,22188.040000000005,,,50.0,1
2026-07-02,24175.69921875,0.7075342557701703,0.9581843451479832,0.6412916082781717,0.373665714175897,3.2902366195589394,58.94352412461671,23762.7923828125,23828.9019140625,12.209190230852819,1.0417262081002219,1,1.4553641873142231,1.5228395134680635,3,-311.82,-4975.41,1784.4,20335.180000000004,,,50.0,1
2026-07-03,24270.849609375,0.3935786500487426,1.697409925835136,0.8931227526396635,0.42556111128351226,3.6482692780229975,60.94766301340295,23805.50732421875,23822.7869140625,12.293919777736079,1.0231058949956415,1,1.8808156112415597,1.5465447168206239,4,1355.33,-4003.84,-1953.89,12633.540000000003,,,50.0,1
2026-07-06,24430.349609375,0.6571669412775316,1.768319001024743,2.0216092681526243,1.737593258627479,4.551992477275091,64.11030953293997,23858.68984375,23823.8319140625,12.642720688942717,0.9987329128422391,1,2.5458444195725294,1.5764775653384226,0,243.03,-2410.71,3791.42,13623.510000000006,,,50.0,0
2026-07-07,24398.69921875,-0.12955357222089736,0.9224138585702146,2.233113221876537,1.2272333342922215,5.51701430934568,63.01966608531298,23922.4748046875,23828.3448828125,13.206183993540492,0.9818651136544139,1,2.3935961089303293,1.482932489871704,1,393.19,539.23,-383.43,6397.740000000003,,,50.0,0
2026-07-08,23882.05078125,-2.117524515827318,-1.6019168442081289,-0.5157027563675642,0.24324601065803808,2.7534137734134267,48.51181282998683,23954.47236328125,23828.0269140625,12.923868180744963,1.1089649770715047,1,0.22672404803949497,1.3604072521648216,2,1962.8,3642.5299999999997,790.16,4028.660000000004,,,50.0,1
2026-07-09,23962.80078125,0.33812004144717633,-1.9138032635668045,-0.8806299068069179,-0.24498570422109012,3.2214223492506466,50.432498000689115,23991.86494140625,23825.4289453125,12.661717783149113,1.101592839028383,1,0.5765765487488972,1.1451700745419915,3,-532.86,3421.4900000000002,2057.79,4302.050000000004,,,50.0,1
2026-07-10,24206.900390625,1.018660596494203,-0.7861026786936454,-0.2634815829656745,0.6272879557075228,4.513076811961203,55.80008677149367,24044.12998046875,23829.65296875,12.050840038892456,1.0909790315148105,1,1.5831007793932983,0.8114203822574804,4,2603.72,4669.879999999999,2019.68,8275.620000000004,,,50.0,1
2026-07-13,24211.0,0.01693570555851842,1.3773910028206604,-0.897857021623738,1.1056010857649845,2.4895317664227035,55.88648680794784,24073.5349609375,23830.3199609375,11.901556259080705,1.089469444006603,1,1.5974608804519175,0.7129791864368179,0,-3062.27,1364.58,2171.7,6655.900000000004,,,50.0,0
2026-07-14,24052.05078125,-0.6565165369047166,0.3724522889237303,-1.4207660596660232,0.7806198474801684,0.8306833992770324,51.669274404795125,24083.44248046875,23831.4099609375,11.762935606398361,1.073959385088172,1,0.9258403958227968,0.6854388130342934,1,-739.69,231.69999999999982,2927.71,9967.040000000005,,,50.0,1
2026-07-15,24078.5,0.10996658451518648,-0.5304288800012102,0.8225810276906165,0.3026361982898962,0.37245841524224943,52.31410808065884,24087.9099609375,23830.5939453125,11.352108213143051,1.0583891274828152,1,1.0402848340935522,0.6785155699663764,2,-735.83,-2466.9300000000003,704.93,9881.810000000005,,,50.0,0
2026-07-16,24072.75,-0.023880225097083763,-0.5710214365371113,0.4588329208830677,-0.42583760584742336,-0.053763100802650676,52.15120532733247,24087.2625,23831.3929296875,10.970625633691691,1.0235268802135034,1,1.0127694634745277,0.6788225232862419,3,-4205.56,-6139.630000000001,2986.41,10810.430000000004,,,50.0,1
2026-07-17,24334.30078125,1.086501464311307,1.173496607698965,0.5262978265252904,0.26142954571517496,0.6881031994786513,58.48403233507504,24095.5775390625,23831.4599609375,10.563340498504907,1.0266621132353981,1,2.109987475113617,0.7058095179548975,4,-376.41,-9119.76,1017.89,9808.640000000003,,,50.0,0
2026-07-20,24238.5,-0.3936861885253551,0.6644932200926101,0.11358473421172466,-0.7852921159236304,0.9386559598370203,55.58227777717968,24106.84755859375,23829.696953125,10.185147158688606,1.0155787511069787,1,1.715519285365441,0.7155713399280341,0,-1121.04,-7178.53,1312.03,8948.970000000005,,,50.0,0
2026-07-21,24187.69921875,-0.20958714957608482,0.47750763311213973,0.5639786758048437,-0.8648002014707834,0.3518200164739582,54.050797196338564,24111.0875,23829.9279296875,9.832945354759538,0.9823891181425906,1,1.501352795183175,0.7209291061947959,1,1650.16,-4788.68,-656.88,5364.380000000005,,,50.0,0
2026-07-22,23996.25,-0.79151479856997,-1.3891945541762762,-0.3415910459538596,0.4781801186004353,0.7225892833207403,48.614436085923415,24119.69501953125,23833.5359375,9.608780830602663,0.9868577839774921,1,0.6827105425174507,0.6807961271494535,2,-819.2,-4872.05,-418.26,4241.190000000004,,,50.0,0
2026-07-23,23869.599609375,-0.5277924285044588,-1.5219604786806062,-0.8439018833535816,-0.3889410621312983,-0.6329739163523085,45.36390555596146,24112.09248046875,23843.3369140625,10.051287796460828,0.977802616706626,1,0.1101468951563156,0.7185025150054964,3,-2999.23,-3665.7199999999993,2947.14,4201.920000000005,,,50.0,0
2026-07-24,23767.44921875,-0.4279518395644999,-1.7374533898380395,-2.3294343552158647,-1.815396291072413,-1.199496097647157,42.87390079657174,24097.66494140625,23850.43390625,11.186725124092458,0.9909913831812914,0,-0.3479378523099097,0.7902849836405481,4,-3892.77,-7182.08,5453.55,8637.580000000005,,,50.0,1
2026-07-27,23995.94921875,0.9613989195766948,-0.0012534510600570314,-1.0006839583720062,-0.8882358483747077,0.20754489220651262,49.545371842013964,24100.14990234375,23856.5608984375,11.267059825173934,0.9841197479278554,1,0.5842766730121074,0.7753067057644459,0,-1688.23,-7749.2699999999995,2329.14,9654.690000000004,,,50.0,0
2026-07-28,23985.349609375,-0.04417249460887396,0.4849264415584864,-0.8365806418584087,-0.2773201024795724,0.5011349292395995,49.25799477786307,24106.1298828125,23863.397890625,11.197277980220727,0.9400042130462505,1,0.5110408807201372,0.750179445179451,1,755.33,-8644.1,1664.16,11975.730000000005,,,50.0,1
2026-07-29,24250.19921875,1.1042140877174367,2.0311392928912264,1.0582871021513673,0.7130810422160794,1.0178752818628567,56.10851354198152,24118.34736328125,23875.402890625,10.74311691978421,0.9511627399993139,1,1.5698010619631164,0.7466244543522396,2,2981.87,-4843.03,998.02,13392.010000000006,,,50.0,1
2026-07-30,24317.150390625,0.27608503860552247,1.3385641424179084,1.874982356529431,1.0152574617565469,0.5850965078407988,57.664493933918685,24125.419921875,23889.3858984375,10.558856442526716,0.9265696755992705,1,1.7906048066956615,0.7653380386705886,3,3623.51,1779.710000000001,-1864.03,8580.840000000004,,,50.0,1
2026-07-31,24383.599609375,0.27326071386892803,1.6603885558722054,2.5924127783090833,0.2025898692062933,0.4645490446961942,59.21007955410134,24131.057421875,23903.877890625,10.72830361405628,0.8960357020524226,1,2.0068782184422984,0.7888441773498045,4,277.48,5949.960000000001,2260.37,5387.660000000004,,,50.0,1
2026-08-03,24774.30078125,1.602311299947612,2.16122580178546,3.2436789868341975,2.210536053179868,1.407884771910961,66.86892575744429,24148.25498046875,23926.269921875,12.0198429287551,0.9315575078314431,1,3.544350465592938,0.9358024453627943,0,922.26,8560.45,1571.18,4629.700000000004,,,50.0,0
2026-08-04,24614.900390625,-0.6434102501316152,1.2244444567599988,2.624730477157322,1.766191848226062,0.8861176160934514,61.772832608932774,24159.0650390625,23944.1819140625,12.78387758940651,0.9711251186470137,1,2.8011751621740855,1.0098257886681845,1,2446.47,10251.59,-936.14,2029.4000000000046,,,50.0,1
2026-08-05,24624.650390625,0.03961015419633451,0.9885775074707226,1.5441158585842718,2.618744139709328,3.109446572142871,61.96377849102757,24196.19501953125,23956.0409375,13.493338345725675,0.953513069970442,1,2.7909847660945397,1.056670764350542,2,-943.42,6326.300000000001,2883.17,3914.5500000000047,,,50.0,1
2026-08-06,24636.0,0.04609043862535689,-0.5582429246789089,1.3112128857743377,3.210780252568579,2.8093511476202426,62.20047156103644,24229.85498046875,23970.486953125,14.152123333736329,0.9061335239497889,1,2.776385178058449,1.102893064050377,3,-17.86,2684.930000000001,4013.6,9792.180000000004,,,50.0,0
2026-08-07,24570.650390625,-0.2652606323063855,-0.17976916135258314,0.7671171781301833,3.3794168001897384,1.5026707018667818,59.8895459785945,24248.04248046875,23983.756953125,14.305672160898425,0.8765701199677786,1,2.447045467676534,1.1479879825549149,4,480.24,2887.690000000001,235.56,7767.370000000004,,,50.0,0
