Strategy,Params,Hold,Trades,PnL,WinRate%,ProfitFactor,AvgRet%,MaxDD%,Sharpe,CAGR%
trend_sma,"{'fast': 5, 'slow': 20, 'adx_thresh': 0, 'use_adx': False}",1,107,-53775.3,41.1,0.87,-2.03,-94.62,-0.84,-35.12
trend_sma,"{'fast': 5, 'slow': 20, 'adx_thresh': 0, 'use_adx': False}",2,91,-154463.41,33.0,0.72,-6.8,-189.78,-2.03,0.0
trend_sma,"{'fast': 5, 'slow': 20, 'adx_thresh': 0, 'use_adx': False}",3,76,-135877.87,35.5,0.74,-7.18,-157.99,-1.81,0.0
trend_sma,"{'fast': 5, 'slow': 20, 'adx_thresh': 0, 'use_adx': False}",5,58,-251122.38,29.3,0.58,-17.36,-314.25,-3.11,0.0
trend_sma,"{'fast': 5, 'slow': 20, 'adx_thresh': 0, 'use_adx': False}",7,44,-188380.94,31.8,0.6,-17.26,-202.38,-3.0,0.0
trend_sma,"{'fast': 5, 'slow': 20, 'adx_thresh': 0, 'use_adx': False}",10,36,-56883.2,27.8,0.87,-6.44,-77.01,-0.89,-37.6
trend_sma,"{'fast': 5, 'slow': 20, 'adx_thresh': 20, 'use_adx': True}",1,66,18799.24,47.0,1.08,1.14,-87.29,0.4,11.03
trend_sma,"{'fast': 5, 'slow': 20, 'adx_thresh': 20, 'use_adx': True}",2,57,-19683.69,35.1,0.94,-1.35,-151.56,-0.36,-12.44
trend_sma,"{'fast': 5, 'slow': 20, 'adx_thresh': 20, 'use_adx': True}",3,49,-128520.46,34.7,0.61,-10.52,-127.71,-3.18,0.0
trend_sma,"{'fast': 5, 'slow': 20, 'adx_thresh': 20, 'use_adx': True}",5,37,-166874.61,32.4,0.51,-18.15,-236.98,-3.96,0.0
trend_sma,"{'fast': 5, 'slow': 20, 'adx_thresh': 20, 'use_adx': True}",7,28,-119283.11,28.6,0.61,-17.13,-199.46,-2.68,0.0
trend_sma,"{'fast': 5, 'slow': 20, 'adx_thresh': 20, 'use_adx': True}",10,25,-138706.85,16.0,0.63,-22.28,-195.71,-2.48,0.0
trend_sma,"{'fast': 5, 'slow': 20, 'adx_thresh': 25, 'use_adx': True}",1,33,94235.9,54.5,2.01,11.48,-24.7,3.56,56.77
trend_sma,"{'fast': 5, 'slow': 20, 'adx_thresh': 25, 'use_adx': True}",2,30,603.96,40.0,1.0,0.14,-65.18,-0.0,0.41
trend_sma,"{'fast': 5, 'slow': 20, 'adx_thresh': 25, 'use_adx': True}",3,26,97676.19,46.2,1.63,15.1,-45.72,2.78,57.84
trend_sma,"{'fast': 5, 'slow': 20, 'adx_thresh': 25, 'use_adx': True}",5,20,-81741.43,30.0,0.56,-16.4,-133.67,-3.7,-68.05
trend_sma,"{'fast': 5, 'slow': 20, 'adx_thresh': 25, 'use_adx': True}",7,17,-42915.42,35.3,0.73,-10.14,-136.45,-1.64,-31.35
trend_sma,"{'fast': 5, 'slow': 20, 'adx_thresh': 25, 'use_adx': True}",10,14,-25873.95,28.6,0.83,-7.65,-93.49,-1.01,-17.82
trend_sma,"{'fast': 5, 'slow': 20, 'adx_thresh': 30, 'use_adx': True}",1,20,9858.2,50.0,1.17,2.0,-29.08,0.78,6.57
trend_sma,"{'fast': 5, 'slow': 20, 'adx_thresh': 30, 'use_adx': True}",2,16,-86743.08,31.2,0.25,-21.69,-95.63,-8.65,-74.68
trend_sma,"{'fast': 5, 'slow': 20, 'adx_thresh': 30, 'use_adx': True}",3,15,-70818.94,26.7,0.34,-18.9,-74.61,-7.04,-56.64
trend_sma,"{'fast': 5, 'slow': 20, 'adx_thresh': 30, 'use_adx': True}",5,11,-40236.42,36.4,0.48,-14.63,-63.8,-4.34,-29.3
trend_sma,"{'fast': 5, 'slow': 20, 'adx_thresh': 30, 'use_adx': True}",7,10,-74091.66,30.0,0.33,-29.84,-75.91,-7.1,-59.46
trend_sma,"{'fast': 5, 'slow': 20, 'adx_thresh': 30, 'use_adx': True}",10,8,-596.41,25.0,0.99,-0.44,-45.69,-0.05,-0.4
trend_sma,"{'fast': 5, 'slow': 50, 'adx_thresh': 0, 'use_adx': False}",1,102,23537.76,40.2,1.05,0.94,-77.59,0.27,12.6
trend_sma,"{'fast': 5, 'slow': 50, 'adx_thresh': 0, 'use_adx': False}",2,83,-54720.14,37.3,0.88,-2.66,-95.88,-0.81,-35.87
trend_sma,"{'fast': 5, 'slow': 50, 'adx_thresh': 0, 'use_adx': False}",3,71,-22517.15,36.6,0.95,-1.29,-54.14,-0.34,-13.33
trend_sma,"{'fast': 5, 'slow': 50, 'adx_thresh': 0, 'use_adx': False}",5,53,-54405.6,32.1,0.87,-4.15,-152.93,-0.84,-35.62
trend_sma,"{'fast': 5, 'slow': 50, 'adx_thresh': 0, 'use_adx': False}",7,43,-238904.61,25.6,0.51,-22.37,-229.23,-4.47,0.0
trend_sma,"{'fast': 5, 'slow': 50, 'adx_thresh': 0, 'use_adx': False}",10,34,-281840.94,20.6,0.36,-33.34,-299.84,-6.65,0.0
trend_sma,"{'fast': 5, 'slow': 50, 'adx_thresh': 20, 'use_adx': True}",1,60,77852.71,48.3,1.33,5.18,-57.11,1.62,42.45
trend_sma,"{'fast': 5, 'slow': 50, 'adx_thresh': 20, 'use_adx': True}",2,52,22580.45,36.5,1.07,1.77,-99.85,0.38,13.23
trend_sma,"{'fast': 5, 'slow': 50, 'adx_thresh': 20, 'use_adx': True}",3,46,-18017.76,34.8,0.94,-1.59,-53.43,-0.41,-11.38
trend_sma,"{'fast': 5, 'slow': 50, 'adx_thresh': 20, 'use_adx': True}",5,34,-66593.66,32.4,0.78,-7.87,-136.17,-1.56,-48.96
trend_sma,"{'fast': 5, 'slow': 50, 'adx_thresh': 20, 'use_adx': True}",7,27,-100338.78,29.6,0.67,-14.94,-163.97,-2.34,0.0
trend_sma,"{'fast': 5, 'slow': 50, 'adx_thresh': 20, 'use_adx': True}",10,24,-117250.2,16.7,0.63,-19.67,-193.38,-2.31,0.0
trend_sma,"{'fast': 5, 'slow': 50, 'adx_thresh': 25, 'use_adx': True}",1,27,89531.91,59.3,2.25,13.32,-21.45,4.11,56.11
trend_sma,"{'fast': 5, 'slow': 50, 'adx_thresh': 25, 'use_adx': True}",2,24,-25224.47,33.3,0.85,-4.2,-80.61,-1.01,-18.33
trend_sma,"{'fast': 5, 'slow': 50, 'adx_thresh': 25, 'use_adx': True}",3,22,104309.92,45.5,1.74,19.06,-39.44,3.27,63.56
trend_sma,"{'fast': 5, 'slow': 50, 'adx_thresh': 25, 'use_adx': True}",5,17,-58019.78,29.4,0.64,-13.68,-113.52,-2.91,-44.87
trend_sma,"{'fast': 5, 'slow': 50, 'adx_thresh': 25, 'use_adx': True}",7,14,-22726.05,35.7,0.84,-6.54,-116.85,-0.97,-16.32
trend_sma,"{'fast': 5, 'slow': 50, 'adx_thresh': 25, 'use_adx': True}",10,13,-15229.94,30.8,0.89,-4.86,-102.74,-0.62,-10.6
trend_sma,"{'fast': 5, 'slow': 50, 'adx_thresh': 30, 'use_adx': True}",1,19,2997.0,52.6,1.05,0.66,-31.92,0.21,2.08
trend_sma,"{'fast': 5, 'slow': 50, 'adx_thresh': 30, 'use_adx': True}",2,16,-105620.29,25.0,0.19,-26.46,-108.78,-10.68,0.0
trend_sma,"{'fast': 5, 'slow': 50, 'adx_thresh': 30, 'use_adx': True}",3,15,-89183.58,20.0,0.28,-23.83,-89.87,-8.68,-78.51
trend_sma,"{'fast': 5, 'slow': 50, 'adx_thresh': 30, 'use_adx': True}",5,11,-64349.8,27.3,0.35,-23.47,-84.71,-6.6,-51.25
trend_sma,"{'fast': 5, 'slow': 50, 'adx_thresh': 30, 'use_adx': True}",7,10,-81621.56,30.0,0.31,-32.77,-88.83,-7.6,-68.72
trend_sma,"{'fast': 5, 'slow': 50, 'adx_thresh': 30, 'use_adx': True}",10,9,-23042.31,22.2,0.79,-10.47,-58.81,-1.41,-16.17
trend_sma,"{'fast': 10, 'slow': 30, 'adx_thresh': 0, 'use_adx': False}",1,92,-168806.73,35.9,0.62,-7.37,-162.95,-3.03,0.0
trend_sma,"{'fast': 10, 'slow': 30, 'adx_thresh': 0, 'use_adx': False}",2,72,-62545.2,37.5,0.83,-3.52,-68.78,-1.16,-44.43
trend_sma,"{'fast': 10, 'slow': 30, 'adx_thresh': 0, 'use_adx': False}",3,61,-34890.79,32.8,0.92,-2.33,-65.56,-0.53,-22.64
trend_sma,"{'fast': 10, 'slow': 30, 'adx_thresh': 0, 'use_adx': False}",5,47,-51391.07,40.4,0.87,-4.45,-66.66,-0.97,-35.06
trend_sma,"{'fast': 10, 'slow': 30, 'adx_thresh': 0, 'use_adx': False}",7,38,45121.59,31.6,1.14,4.72,-42.68,0.72,24.96
trend_sma,"{'fast': 10, 'slow': 30, 'adx_thresh': 0, 'use_adx': False}",10,31,-169165.26,25.8,0.61,-22.03,-150.45,-3.09,0.0
trend_sma,"{'fast': 10, 'slow': 30, 'adx_thresh': 20, 'use_adx': True}",1,53,23714.14,47.2,1.11,1.79,-57.34,0.6,15.08
trend_sma,"{'fast': 10, 'slow': 30, 'adx_thresh': 20, 'use_adx': True}",2,43,13055.62,37.2,1.05,1.25,-99.38,0.28,8.37
trend_sma,"{'fast': 10, 'slow': 30, 'adx_thresh': 20, 'use_adx': True}",3,36,-51919.32,38.9,0.76,-5.81,-64.26,-1.69,-38.01
trend_sma,"{'fast': 10, 'slow': 30, 'adx_thresh': 20, 'use_adx': True}",5,29,6416.58,44.8,1.03,0.85,-78.19,0.16,4.18
trend_sma,"{'fast': 10, 'slow': 30, 'adx_thresh': 20, 'use_adx': True}",7,23,27821.36,34.8,1.12,4.81,-77.42,0.63,17.42
trend_sma,"{'fast': 10, 'slow': 30, 'adx_thresh': 20, 'use_adx': True}",10,20,-67809.37,20.0,0.76,-13.67,-131.74,-1.43,-52.17
trend_sma,"{'fast': 10, 'slow': 30, 'adx_thresh': 25, 'use_adx': True}",1,26,104574.13,53.8,2.52,16.12,-18.16,4.7,68.27
trend_sma,"{'fast': 10, 'slow': 30, 'adx_thresh': 25, 'use_adx': True}",2,19,56324.53,42.1,1.66,11.92,-18.18,2.99,38.29
trend_sma,"{'fast': 10, 'slow': 30, 'adx_thresh': 25, 'use_adx': True}",3,18,40450.8,38.9,1.32,9.02,-46.0,1.55,27.89
trend_sma,"{'fast': 10, 'slow': 30, 'adx_thresh': 25, 'use_adx': True}",5,14,-8356.72,35.7,0.92,-2.5,-48.37,-0.58,-6.08
trend_sma,"{'fast': 10, 'slow': 30, 'adx_thresh': 25, 'use_adx': True}",7,12,-10072.4,33.3,0.92,-3.55,-76.99,-0.48,-7.32
trend_sma,"{'fast': 10, 'slow': 30, 'adx_thresh': 25, 'use_adx': True}",10,11,2748.73,27.3,1.02,0.84,-57.65,0.1,1.94
trend_sma,"{'fast': 10, 'slow': 30, 'adx_thresh': 30, 'use_adx': True}",1,15,20536.97,40.0,1.36,5.46,-24.17,1.69,15.86
trend_sma,"{'fast': 10, 'slow': 30, 'adx_thresh': 30, 'use_adx': True}",2,12,-863.48,41.7,0.99,-0.12,-44.14,-0.1,-0.68
trend_sma,"{'fast': 10, 'slow': 30, 'adx_thresh': 30, 'use_adx': True}",3,10,-67188.5,20.0,0.27,-26.96,-69.19,-9.13,-58.54
trend_sma,"{'fast': 10, 'slow': 30, 'adx_thresh': 30, 'use_adx': True}",5,8,846.89,62.5,1.01,0.41,-44.06,0.07,0.67
trend_sma,"{'fast': 10, 'slow': 30, 'adx_thresh': 30, 'use_adx': True}",7,7,-29402.73,42.9,0.66,-16.91,-50.57,-2.99,-23.87
trend_sma,"{'fast': 10, 'slow': 30, 'adx_thresh': 30, 'use_adx': True}",10,6,45512.17,33.3,1.61,30.43,-31.71,2.91,33.33
trend_sma,"{'fast': 10, 'slow': 50, 'adx_thresh': 0, 'use_adx': False}",1,94,-120823.02,36.2,0.72,-5.16,-114.68,-1.94,0.0
trend_sma,"{'fast': 10, 'slow': 50, 'adx_thresh': 0, 'use_adx': False}",2,77,54682.31,42.9,1.13,2.86,-48.93,0.72,28.05
trend_sma,"{'fast': 10, 'slow': 50, 'adx_thresh': 0, 'use_adx': False}",3,64,-6599.02,37.5,0.98,-0.43,-66.7,-0.13,-3.8
trend_sma,"{'fast': 10, 'slow': 50, 'adx_thresh': 0, 'use_adx': False}",5,46,-77149.25,32.6,0.8,-6.72,-101.24,-1.48,-56.74
trend_sma,"{'fast': 10, 'slow': 50, 'adx_thresh': 0, 'use_adx': False}",7,38,-124022.09,36.8,0.66,-13.14,-176.42,-2.29,0.0
trend_sma,"{'fast': 10, 'slow': 50, 'adx_thresh': 0, 'use_adx': False}",10,33,-52648.94,30.3,0.87,-6.46,-167.06,-0.8,-34.54
trend_sma,"{'fast': 10, 'slow': 50, 'adx_thresh': 20, 'use_adx': True}",1,56,28611.64,46.4,1.13,2.04,-58.38,0.71,16.94
trend_sma,"{'fast': 10, 'slow': 50, 'adx_thresh': 20, 'use_adx': True}",2,47,55882.81,44.7,1.25,4.82,-69.4,1.25,31.54
trend_sma,"{'fast': 10, 'slow': 50, 'adx_thresh': 20, 'use_adx': True}",3,39,-3767.35,51.3,0.98,-0.4,-52.67,-0.15,-2.34
trend_sma,"{'fast': 10, 'slow': 50, 'adx_thresh': 20, 'use_adx': True}",5,30,16830.57,40.0,1.07,2.24,-77.39,0.39,10.14
trend_sma,"{'fast': 10, 'slow': 50, 'adx_thresh': 20, 'use_adx': True}",7,24,-50990.37,33.3,0.8,-8.54,-148.32,-1.23,-35.58
trend_sma,"{'fast': 10, 'slow': 50, 'adx_thresh': 20, 'use_adx': True}",10,22,-62373.93,22.7,0.78,-11.42,-138.34,-1.27,-45.1
trend_sma,"{'fast': 10, 'slow': 50, 'adx_thresh': 25, 'use_adx': True}",1,28,84209.97,53.6,1.93,12.06,-36.21,3.47,53.29
trend_sma,"{'fast': 10, 'slow': 50, 'adx_thresh': 25, 'use_adx': True}",2,22,18726.48,50.0,1.15,3.47,-43.92,0.82,12.88
trend_sma,"{'fast': 10, 'slow': 50, 'adx_thresh': 25, 'use_adx': True}",3,19,123805.65,52.6,2.53,26.23,-25.06,4.91,75.46
trend_sma,"{'fast': 10, 'slow': 50, 'adx_thresh': 25, 'use_adx': True}",5,14,-18703.15,35.7,0.81,-5.32,-59.04,-1.29,-13.43
trend_sma,"{'fast': 10, 'slow': 50, 'adx_thresh': 25, 'use_adx': True}",7,12,15204.59,50.0,1.15,5.09,-65.06,0.7,10.42
trend_sma,"{'fast': 10, 'slow': 50, 'adx_thresh': 25, 'use_adx': True}",10,12,-9698.48,41.7,0.92,-3.2,-75.02,-0.43,-6.77
trend_sma,"{'fast': 10, 'slow': 50, 'adx_thresh': 30, 'use_adx': True}",1,20,8432.1,45.0,1.11,1.69,-26.61,0.54,5.82
trend_sma,"{'fast': 10, 'slow': 50, 'adx_thresh': 30, 'use_adx': True}",2,16,-30716.15,43.8,0.72,-7.57,-61.99,-2.19,-22.63
trend_sma,"{'fast': 10, 'slow': 50, 'adx_thresh': 30, 'use_adx': True}",3,13,-65627.93,23.1,0.37,-20.27,-68.19,-6.97,-52.68
trend_sma,"{'fast': 10, 'slow': 50, 'adx_thresh': 30, 'use_adx': True}",5,10,5978.37,60.0,1.09,2.42,-42.54,0.55,4.18
trend_sma,"{'fast': 10, 'slow': 50, 'adx_thresh': 30, 'use_adx': True}",7,9,-48848.77,44.4,0.55,-21.81,-59.55,-4.19,-37.25
trend_sma,"{'fast': 10, 'slow': 50, 'adx_thresh': 30, 'use_adx': True}",10,8,25328.49,37.5,1.26,12.74,-36.32,1.36,16.65
trend_sma,"{'fast': 10, 'slow': 100, 'adx_thresh': 0, 'use_adx': False}",1,71,-55512.19,39.4,0.81,-3.18,-124.89,-1.31,-45.17
trend_sma,"{'fast': 10, 'slow': 100, 'adx_thresh': 0, 'use_adx': False}",2,57,-58825.13,36.8,0.8,-4.18,-85.16,-1.41,-48.23
trend_sma,"{'fast': 10, 'slow': 100, 'adx_thresh': 0, 'use_adx': False}",3,47,-47683.12,19.1,0.87,-4.08,-89.46,-0.74,-38.16
trend_sma,"{'fast': 10, 'slow': 100, 'adx_thresh': 0, 'use_adx': False}",5,36,26109.53,38.9,1.1,2.9,-46.82,0.51,18.78
trend_sma,"{'fast': 10, 'slow': 100, 'adx_thresh': 0, 'use_adx': False}",7,29,-39260.72,31.0,0.86,-5.49,-135.21,-0.84,-30.92
trend_sma,"{'fast': 10, 'slow': 100, 'adx_thresh': 0, 'use_adx': False}",10,24,-223344.82,20.8,0.36,-37.42,-250.2,-6.18,0.0
trend_sma,"{'fast': 10, 'slow': 100, 'adx_thresh': 20, 'use_adx': True}",1,34,28397.76,47.1,1.22,3.3,-75.13,1.16,23.34
trend_sma,"{'fast': 10, 'slow': 100, 'adx_thresh': 20, 'use_adx': True}",2,27,43137.1,33.3,1.3,6.48,-60.28,1.44,34.74
trend_sma,"{'fast': 10, 'slow': 100, 'adx_thresh': 20, 'use_adx': True}",3,24,597.77,37.5,1.0,0.09,-51.62,0.0,0.49
trend_sma,"{'fast': 10, 'slow': 100, 'adx_thresh': 20, 'use_adx': True}",5,19,70884.5,42.1,1.54,14.96,-51.97,2.17,56.61
trend_sma,"{'fast': 10, 'slow': 100, 'adx_thresh': 20, 'use_adx': True}",7,15,5963.77,20.0,1.04,1.6,-93.93,0.18,4.92
trend_sma,"{'fast': 10, 'slow': 100, 'adx_thresh': 20, 'use_adx': True}",10,13,-46345.91,15.4,0.75,-14.3,-134.61,-1.35,-40.13
trend_sma,"{'fast': 10, 'slow': 100, 'adx_thresh': 25, 'use_adx': True}",1,13,80014.47,61.5,5.16,24.62,-5.51,8.25,78.59
trend_sma,"{'fast': 10, 'slow': 100, 'adx_thresh': 25, 'use_adx': True}",2,9,58964.26,55.6,2.72,26.32,-10.55,6.55,58.96
trend_sma,"{'fast': 10, 'slow': 100, 'adx_thresh': 25, 'use_adx': True}",3,9,168285.83,55.6,3.88,75.14,-17.19,7.11,164.04
trend_sma,"{'fast': 10, 'slow': 100, 'adx_thresh': 25, 'use_adx': True}",5,7,99008.15,57.1,3.63,56.81,-12.37,6.63,96.45
trend_sma,"{'fast': 10, 'slow': 100, 'adx_thresh': 25, 'use_adx': True}",7,6,49581.07,33.3,2.16,33.13,-35.2,3.55,48.93
trend_sma,"{'fast': 10, 'slow': 100, 'adx_thresh': 25, 'use_adx': True}",10,6,3979.51,16.7,1.05,2.67,-52.05,0.24,3.83
trend_sma,"{'fast': 10, 'slow': 100, 'adx_thresh': 30, 'use_adx': True}",1,6,35022.83,50.0,4.34,23.35,-7.21,6.94,59.11
trend_sma,"{'fast': 10, 'slow': 100, 'adx_thresh': 30, 'use_adx': True}",2,5,45898.39,60.0,3.62,37.1,-8.5,8.66,79.36
trend_sma,"{'fast': 10, 'slow': 100, 'adx_thresh': 30, 'use_adx': True}",3,4,5329.37,25.0,1.27,5.4,-15.68,1.29,8.4
trend_sma,"{'fast': 10, 'slow': 100, 'adx_thresh': 30, 'use_adx': True}",5,3,29716.3,100.0,inf,39.7,0.0,26.52,50.85
trend_sma,"{'fast': 10, 'slow': 100, 'adx_thresh': 30, 'use_adx': True}",7,3,3810.33,33.3,1.16,5.05,-16.59,0.81,5.88
trend_sma,"{'fast': 10, 'slow': 100, 'adx_thresh': 30, 'use_adx': True}",10,3,26551.14,33.3,1.77,35.35,-16.06,3.05,41.22
trend_sma,"{'fast': 20, 'slow': 50, 'adx_thresh': 0, 'use_adx': False}",1,93,-41311.61,41.9,0.89,-1.77,-64.83,-0.67,-25.83
trend_sma,"{'fast': 20, 'slow': 50, 'adx_thresh': 0, 'use_adx': False}",2,76,3256.61,36.8,1.01,0.18,-76.58,0.02,1.81
trend_sma,"{'fast': 20, 'slow': 50, 'adx_thresh': 0, 'use_adx': False}",3,62,37062.69,35.5,1.1,2.36,-49.79,0.54,19.33
trend_sma,"{'fast': 20, 'slow': 50, 'adx_thresh': 0, 'use_adx': False}",5,47,-222205.0,27.7,0.51,-19.02,-234.64,-4.15,0.0
trend_sma,"{'fast': 20, 'slow': 50, 'adx_thresh': 0, 'use_adx': False}",7,38,-79025.74,31.6,0.76,-8.37,-103.57,-1.44,-58.34
trend_sma,"{'fast': 20, 'slow': 50, 'adx_thresh': 0, 'use_adx': False}",10,30,-82345.13,26.7,0.77,-11.05,-130.79,-1.4,-62.18
trend_sma,"{'fast': 20, 'slow': 50, 'adx_thresh': 20, 'use_adx': True}",1,62,35908.66,48.4,1.13,2.35,-43.68,0.7,20.71
trend_sma,"{'fast': 20, 'slow': 50, 'adx_thresh': 20, 'use_adx': True}",2,49,-13016.02,34.7,0.95,-1.04,-96.84,-0.32,-8.15
trend_sma,"{'fast': 20, 'slow': 50, 'adx_thresh': 20, 'use_adx': True}",3,41,1808.4,39.0,1.01,0.16,-47.33,0.02,1.11
trend_sma,"{'fast': 20, 'slow': 50, 'adx_thresh': 20, 'use_adx': True}",5,33,-49141.23,30.3,0.82,-6.05,-122.8,-1.09,-33.81
trend_sma,"{'fast': 20, 'slow': 50, 'adx_thresh': 20, 'use_adx': True}",7,26,-33366.61,26.9,0.87,-5.1,-140.56,-0.76,-21.88
trend_sma,"{'fast': 20, 'slow': 50, 'adx_thresh': 20, 'use_adx': True}",10,20,-65211.44,20.0,0.76,-13.11,-157.87,-1.45,-47.11
trend_sma,"{'fast': 20, 'slow': 50, 'adx_thresh': 25, 'use_adx': True}",1,35,104775.07,65.7,1.81,12.03,-34.06,3.44,63.67
trend_sma,"{'fast': 20, 'slow': 50, 'adx_thresh': 25, 'use_adx': True}",2,26,36885.45,42.3,1.25,5.76,-30.79,1.37,24.14
trend_sma,"{'fast': 20, 'slow': 50, 'adx_thresh': 25, 'use_adx': True}",3,22,28889.8,40.9,1.2,5.28,-56.55,0.99,19.1
trend_sma,"{'fast': 20, 'slow': 50, 'adx_thresh': 25, 'use_adx': True}",5,16,-94780.69,12.5,0.34,-23.85,-129.52,-6.53,-86.86
trend_sma,"{'fast': 20, 'slow': 50, 'adx_thresh': 25, 'use_adx': True}",7,14,-46821.43,28.6,0.71,-13.41,-108.51,-1.91,-34.64
trend_sma,"{'fast': 20, 'slow': 50, 'adx_thresh': 25, 'use_adx': True}",10,11,-56475.0,18.2,0.61,-20.75,-125.69,-2.57,-43.19
trend_sma,"{'fast': 20, 'slow': 50, 'adx_thresh': 30, 'use_adx': True}",1,25,27286.73,64.0,1.26,4.42,-36.18,1.36,18.04
trend_sma,"{'fast': 20, 'slow': 50, 'adx_thresh': 30, 'use_adx': True}",2,19,-8204.22,36.8,0.93,-1.6,-49.46,-0.51,-5.74
trend_sma,"{'fast': 20, 'slow': 50, 'adx_thresh': 30, 'use_adx': True}",3,16,-87247.48,25.0,0.26,-21.92,-88.06,-8.57,-75.46
trend_sma,"{'fast': 20, 'slow': 50, 'adx_thresh': 30, 'use_adx': True}",5,12,-121661.65,16.7,0.14,-40.77,-123.82,-12.5,0.0
trend_sma,"{'fast': 20, 'slow': 50, 'adx_thresh': 30, 'use_adx': True}",7,10,-64287.85,30.0,0.49,-25.8,-81.72,-5.0,-50.73
trend_sma,"{'fast': 20, 'slow': 50, 'adx_thresh': 30, 'use_adx': True}",10,8,-55704.16,12.5,0.52,-28.12,-92.48,-3.86,-42.21
trend_sma,"{'fast': 20, 'slow': 100, 'adx_thresh': 0, 'use_adx': False}",1,70,-14131.57,38.6,0.95,-0.81,-40.5,-0.31,-10.27
trend_sma,"{'fast': 20, 'slow': 100, 'adx_thresh': 0, 'use_adx': False}",2,56,31025.67,39.3,1.1,2.21,-85.78,0.54,21.2
trend_sma,"{'fast': 20, 'slow': 100, 'adx_thresh': 0, 'use_adx': False}",3,46,-69018.05,30.4,0.78,-6.05,-160.19,-1.51,-56.56
trend_sma,"{'fast': 20, 'slow': 100, 'adx_thresh': 0, 'use_adx': False}",5,35,-164818.12,31.4,0.47,-18.93,-203.21,-5.17,0.0
trend_sma,"{'fast': 20, 'slow': 100, 'adx_thresh': 0, 'use_adx': False}",7,29,-4527.29,37.9,0.98,-0.74,-93.96,-0.11,-3.24
trend_sma,"{'fast': 20, 'slow': 100, 'adx_thresh': 0, 'use_adx': False}",10,22,5572.34,27.3,1.02,0.95,-85.48,0.12,3.93
trend_sma,"{'fast': 20, 'slow': 100, 'adx_thresh': 20, 'use_adx': True}",1,36,58623.68,47.2,1.37,6.53,-67.21,1.77,44.67
trend_sma,"{'fast': 20, 'slow': 100, 'adx_thresh': 20, 'use_adx': True}",2,29,13016.68,34.5,1.07,1.79,-100.88,0.38,10.2
trend_sma,"{'fast': 20, 'slow': 100, 'adx_thresh': 20, 'use_adx': True}",3,26,-91688.61,38.5,0.5,-14.21,-139.16,-4.49,-85.99
trend_sma,"{'fast': 20, 'slow': 100, 'adx_thresh': 20, 'use_adx': True}",5,20,-70689.57,30.0,0.62,-14.25,-168.83,-2.76,-62.48
trend_sma,"{'fast': 20, 'slow': 100, 'adx_thresh': 20, 'use_adx': True}",7,17,-7042.89,23.5,0.97,-1.68,-151.93,-0.21,-5.62
trend_sma,"{'fast': 20, 'slow': 100, 'adx_thresh': 20, 'use_adx': True}",10,13,-32218.63,23.1,0.83,-9.98,-167.31,-0.92,-26.35
trend_sma,"{'fast': 20, 'slow': 100, 'adx_thresh': 25, 'use_adx': True}",1,15,78460.3,60.0,2.99,20.95,-14.54,6.35,71.25
trend_sma,"{'fast': 20, 'slow': 100, 'adx_thresh': 25, 'use_adx': True}",2,10,46365.59,60.0,2.0,18.58,-13.84,4.21,42.58
trend_sma,"{'fast': 20, 'slow': 100, 'adx_thresh': 25, 'use_adx': True}",3,9,70485.59,44.4,2.22,31.46,-30.34,4.57,64.33
trend_sma,"{'fast': 20, 'slow': 100, 'adx_thresh': 25, 'use_adx': True}",5,7,-4136.63,42.9,0.94,-2.37,-37.74,-0.47,-3.85
trend_sma,"{'fast': 20, 'slow': 100, 'adx_thresh': 25, 'use_adx': True}",7,7,14459.28,28.6,1.17,8.23,-55.18,0.87,12.98
trend_sma,"{'fast': 20, 'slow': 100, 'adx_thresh': 25, 'use_adx': True}",10,6,34492.14,33.3,1.45,22.96,-42.98,2.08,31.14
trend_sma,"{'fast': 20, 'slow': 100, 'adx_thresh': 30, 'use_adx': True}",1,7,49112.29,71.4,5.23,28.18,-6.63,8.07,86.99
trend_sma,"{'fast': 20, 'slow': 100, 'adx_thresh': 30, 'use_adx': True}",2,5,33426.34,60.0,2.91,27.07,-9.22,6.82,57.72
trend_sma,"{'fast': 20, 'slow': 100, 'adx_thresh': 30, 'use_adx': True}",3,5,-26971.41,0.0,0.0,-21.61,-23.52,-25.75,-38.37
trend_sma,"{'fast': 20, 'slow': 100, 'adx_thresh': 30, 'use_adx': True}",5,4,-11222.57,50.0,0.65,-11.28,-17.52,-2.8,-16.62
trend_sma,"{'fast': 20, 'slow': 100, 'adx_thresh': 30, 'use_adx': True}",7,3,-5244.91,33.3,0.84,-7.14,-10.83,-1.09,-8.09
trend_sma,"{'fast': 20, 'slow': 100, 'adx_thresh': 30, 'use_adx': True}",10,3,19001.67,33.3,1.45,25.33,-16.91,2.1,29.72
trend_sma,"{'fast': 20, 'slow': 200, 'adx_thresh': 0, 'use_adx': False}",1,59,-90669.51,37.3,0.61,-6.19,-90.61,-2.96,-86.96
trend_sma,"{'fast': 20, 'slow': 200, 'adx_thresh': 0, 'use_adx': False}",2,48,-67780.54,35.4,0.75,-5.66,-73.16,-1.69,-62.02
trend_sma,"{'fast': 20, 'slow': 200, 'adx_thresh': 0, 'use_adx': False}",3,39,-26368.22,28.2,0.89,-2.74,-88.95,-0.68,-23.16
trend_sma,"{'fast': 20, 'slow': 200, 'adx_thresh': 0, 'use_adx': False}",5,30,-127449.96,30.0,0.51,-17.02,-123.44,-4.46,0.0
trend_sma,"{'fast': 20, 'slow': 200, 'adx_thresh': 0, 'use_adx': False}",7,23,-95718.72,30.4,0.57,-16.71,-101.9,-3.37,-93.11
trend_sma,"{'fast': 20, 'slow': 200, 'adx_thresh': 0, 'use_adx': False}",10,19,-98591.06,21.1,0.61,-20.96,-98.77,-3.31,-97.23
trend_sma,"{'fast': 20, 'slow': 200, 'adx_thresh': 20, 'use_adx': True}",1,25,-86534.46,28.0,0.42,-13.91,-110.82,-5.54,-88.09
trend_sma,"{'fast': 20, 'slow': 200, 'adx_thresh': 20, 'use_adx': True}",2,20,-42533.87,25.0,0.7,-8.49,-87.01,-1.99,-44.07
trend_sma,"{'fast': 20, 'slow': 200, 'adx_thresh': 20, 'use_adx': True}",3,19,-23233.21,36.8,0.83,-4.91,-98.38,-1.03,-24.1
trend_sma,"{'fast': 20, 'slow': 200, 'adx_thresh': 20, 'use_adx': True}",5,13,-64103.72,30.8,0.46,-19.77,-82.97,-5.1,-66.17
trend_sma,"{'fast': 20, 'slow': 200, 'adx_thresh': 20, 'use_adx': True}",7,11,-75560.41,9.1,0.45,-27.46,-113.49,-4.51,-77.09
trend_sma,"{'fast': 20, 'slow': 200, 'adx_thresh': 20, 'use_adx': True}",10,10,-76053.05,20.0,0.49,-30.43,-78.04,-4.93,-77.28
trend_sma,"{'fast': 20, 'slow': 200, 'adx_thresh': 25, 'use_adx': True}",1,12,-9856.23,33.3,0.8,-3.28,-23.86,-1.36,-15.12
trend_sma,"{'fast': 20, 'slow': 200, 'adx_thresh': 25, 'use_adx': True}",2,9,47875.24,33.3,2.18,21.5,-15.0,3.77,84.56
trend_sma,"{'fast': 20, 'slow': 200, 'adx_thresh': 25, 'use_adx': True}",3,8,68174.95,50.0,2.66,34.28,-23.28,5.23,125.77
trend_sma,"{'fast': 20, 'slow': 200, 'adx_thresh': 25, 'use_adx': True}",5,6,2371.77,50.0,1.05,1.76,-19.67,0.29,3.72
trend_sma,"{'fast': 20, 'slow': 200, 'adx_thresh': 25, 'use_adx': True}",7,5,1048.11,20.0,1.02,1.19,-42.12,0.08,1.66
trend_sma,"{'fast': 20, 'slow': 200, 'adx_thresh': 25, 'use_adx': True}",10,5,-10782.41,20.0,0.83,-8.31,-25.61,-1.13,-15.93
trend_sma,"{'fast': 20, 'slow': 200, 'adx_thresh': 30, 'use_adx': True}",1,7,49112.29,71.4,5.23,28.18,-6.63,8.07,86.99
trend_sma,"{'fast': 20, 'slow': 200, 'adx_thresh': 30, 'use_adx': True}",2,5,33426.34,60.0,2.91,27.07,-9.22,6.82,57.72
trend_sma,"{'fast': 20, 'slow': 200, 'adx_thresh': 30, 'use_adx': True}",3,5,-26971.41,0.0,0.0,-21.61,-23.52,-25.75,-38.37
trend_sma,"{'fast': 20, 'slow': 200, 'adx_thresh': 30, 'use_adx': True}",5,4,-11222.57,50.0,0.65,-11.28,-17.52,-2.8,-16.62
trend_sma,"{'fast': 20, 'slow': 200, 'adx_thresh': 30, 'use_adx': True}",7,3,-5244.91,33.3,0.84,-7.14,-10.83,-1.09,-8.09
trend_sma,"{'fast': 20, 'slow': 200, 'adx_thresh': 30, 'use_adx': True}",10,3,19001.67,33.3,1.45,25.33,-16.91,2.1,29.72
trend_sma,"{'fast': 30, 'slow': 60, 'adx_thresh': 0, 'use_adx': False}",1,89,-964.27,46.1,1.0,-0.04,-47.2,-0.05,-0.62
trend_sma,"{'fast': 30, 'slow': 60, 'adx_thresh': 0, 'use_adx': False}",2,66,116096.54,40.9,1.4,7.06,-48.51,1.9,63.93
trend_sma,"{'fast': 30, 'slow': 60, 'adx_thresh': 0, 'use_adx': False}",3,58,-125105.09,32.8,0.68,-8.65,-156.14,-2.34,0.0
trend_sma,"{'fast': 30, 'slow': 60, 'adx_thresh': 0, 'use_adx': False}",5,43,-91156.91,30.2,0.74,-8.55,-100.94,-2.01,-78.96
trend_sma,"{'fast': 30, 'slow': 60, 'adx_thresh': 0, 'use_adx': False}",7,35,-95116.72,28.6,0.73,-10.93,-158.1,-1.97,-85.58
trend_sma,"{'fast': 30, 'slow': 60, 'adx_thresh': 0, 'use_adx': False}",10,27,-47256.93,22.2,0.85,-7.09,-121.95,-0.83,-33.66
trend_sma,"{'fast': 30, 'slow': 60, 'adx_thresh': 20, 'use_adx': True}",1,50,13030.81,52.0,1.06,1.04,-68.08,0.34,9.01
trend_sma,"{'fast': 30, 'slow': 60, 'adx_thresh': 20, 'use_adx': True}",2,39,84097.41,41.0,1.49,8.65,-62.24,2.23,53.6
trend_sma,"{'fast': 30, 'slow': 60, 'adx_thresh': 20, 'use_adx': True}",3,35,-88791.4,40.0,0.59,-10.18,-113.93,-3.28,-78.48
trend_sma,"{'fast': 30, 'slow': 60, 'adx_thresh': 20, 'use_adx': True}",5,26,10208.7,30.8,1.06,1.57,-83.85,0.3,7.01
trend_sma,"{'fast': 30, 'slow': 60, 'adx_thresh': 20, 'use_adx': True}",7,21,-28443.52,23.8,0.86,-5.45,-161.62,-0.76,-20.72
trend_sma,"{'fast': 30, 'slow': 60, 'adx_thresh': 20, 'use_adx': True}",10,17,-7115.03,23.5,0.97,-1.73,-109.82,-0.18,-4.94
trend_sma,"{'fast': 30, 'slow': 60, 'adx_thresh': 25, 'use_adx': True}",1,24,74014.42,54.2,1.78,12.36,-29.98,3.26,56.88
trend_sma,"{'fast': 30, 'slow': 60, 'adx_thresh': 25, 'use_adx': True}",2,19,-15831.74,31.6,0.88,-3.32,-55.87,-0.83,-12.91
trend_sma,"{'fast': 30, 'slow': 60, 'adx_thresh': 25, 'use_adx': True}",3,16,23118.52,31.2,1.18,5.87,-55.94,0.94,18.11
trend_sma,"{'fast': 30, 'slow': 60, 'adx_thresh': 25, 'use_adx': True}",5,11,-17814.02,27.3,0.79,-6.47,-53.64,-1.5,-14.74
trend_sma,"{'fast': 30, 'slow': 60, 'adx_thresh': 25, 'use_adx': True}",7,10,-30234.44,30.0,0.73,-12.2,-92.61,-1.58,-24.85
trend_sma,"{'fast': 30, 'slow': 60, 'adx_thresh': 25, 'use_adx': True}",10,9,1181.11,33.3,1.01,0.49,-67.03,0.05,0.95
trend_sma,"{'fast': 30, 'slow': 60, 'adx_thresh': 30, 'use_adx': True}",1,14,6878.39,50.0,1.11,1.99,-42.2,0.55,5.56
trend_sma,"{'fast': 30, 'slow': 60, 'adx_thresh': 30, 'use_adx': True}",2,11,-26193.45,27.3,0.67,-9.44,-52.75,-2.67,-21.62
trend_sma,"{'fast': 30, 'slow': 60, 'adx_thresh': 30, 'use_adx': True}",3,9,-78938.77,11.1,0.13,-35.15,-79.65,-13.13,-71.5
trend_sma,"{'fast': 30, 'slow': 60, 'adx_thresh': 30, 'use_adx': True}",5,7,-51805.17,28.6,0.28,-29.71,-53.18,-8.32,-44.32
trend_sma,"{'fast': 30, 'slow': 60, 'adx_thresh': 30, 'use_adx': True}",7,6,-40283.52,33.3,0.41,-27.1,-56.42,-5.7,-34.24
trend_sma,"{'fast': 30, 'slow': 60, 'adx_thresh': 30, 'use_adx': True}",10,6,476.22,33.3,1.01,0.25,-35.58,0.03,0.38
trend_sma,"{'fast': 50, 'slow': 200, 'adx_thresh': 0, 'use_adx': False}",1,62,29333.51,43.5,1.13,1.88,-31.2,0.7,25.18
trend_sma,"{'fast': 50, 'slow': 200, 'adx_thresh': 0, 'use_adx': False}",2,48,-147082.9,31.2,0.45,-12.33,-146.3,-5.1,0.0
trend_sma,"{'fast': 50, 'slow': 200, 'adx_thresh': 0, 'use_adx': False}",3,42,-142043.45,33.3,0.56,-13.6,-140.27,-3.77,0.0
trend_sma,"{'fast': 50, 'slow': 200, 'adx_thresh': 0, 'use_adx': False}",5,31,-88537.18,38.7,0.67,-11.46,-89.23,-2.69,-84.5
trend_sma,"{'fast': 50, 'slow': 200, 'adx_thresh': 0, 'use_adx': False}",7,25,-57668.03,32.0,0.77,-9.29,-74.27,-1.54,-52.12
trend_sma,"{'fast': 50, 'slow': 200, 'adx_thresh': 0, 'use_adx': False}",10,20,-172658.47,20.0,0.4,-34.7,-169.26,-6.22,0.0
trend_sma,"{'fast': 50, 'slow': 200, 'adx_thresh': 20, 'use_adx': True}",1,25,-40439.22,32.0,0.69,-6.52,-86.23,-2.28,-41.84
trend_sma,"{'fast': 50, 'slow': 200, 'adx_thresh': 20, 'use_adx': True}",2,20,-55301.52,30.0,0.51,-11.13,-52.65,-4.25,-57.03
trend_sma,"{'fast': 50, 'slow': 200, 'adx_thresh': 20, 'use_adx': True}",3,17,-74902.85,35.3,0.5,-17.77,-98.17,-3.95,-76.35
trend_sma,"{'fast': 50, 'slow': 200, 'adx_thresh': 20, 'use_adx': True}",5,13,-134203.82,15.4,0.13,-41.46,-138.41,-14.84,0.0
trend_sma,"{'fast': 50, 'slow': 200, 'adx_thresh': 20, 'use_adx': True}",7,11,-95420.47,9.1,0.41,-34.89,-115.59,-5.26,-96.02
trend_sma,"{'fast': 50, 'slow': 200, 'adx_thresh': 20, 'use_adx': True}",10,10,-120011.34,20.0,0.27,-48.25,-125.57,-10.29,0.0
trend_sma,"{'fast': 50, 'slow': 200, 'adx_thresh': 25, 'use_adx': True}",1,11,6396.52,36.4,1.13,2.28,-18.74,0.67,9.8
trend_sma,"{'fast': 50, 'slow': 200, 'adx_thresh': 25, 'use_adx': True}",2,8,-13230.27,25.0,0.65,-6.72,-16.64,-2.52,-19.49
trend_sma,"{'fast': 50, 'slow': 200, 'adx_thresh': 25, 'use_adx': True}",3,7,-3650.83,28.6,0.95,-2.24,-27.07,-0.33,-5.52
trend_sma,"{'fast': 50, 'slow': 200, 'adx_thresh': 25, 'use_adx': True}",5,5,-52872.46,20.0,0.26,-42.4,-39.71,-10.15,-67.85
trend_sma,"{'fast': 50, 'slow': 200, 'adx_thresh': 25, 'use_adx': True}",7,5,-5698.06,20.0,0.92,-4.67,-26.55,-0.48,-8.21
trend_sma,"{'fast': 50, 'slow': 200, 'adx_thresh': 25, 'use_adx': True}",10,4,-22818.92,25.0,0.57,-22.99,-18.44,-3.81,-32.01
trend_sma,"{'fast': 50, 'slow': 200, 'adx_thresh': 30, 'use_adx': True}",1,6,29375.68,50.0,2.37,19.58,-13.56,4.67,2771.3
trend_sma,"{'fast': 50, 'slow': 200, 'adx_thresh': 30, 'use_adx': True}",2,5,11503.51,40.0,1.85,9.09,-10.86,3.05,276.14
trend_sma,"{'fast': 50, 'slow': 200, 'adx_thresh': 30, 'use_adx': True}",3,4,36451.6,50.0,2.31,36.28,-16.95,4.47,4287.73
trend_sma,"{'fast': 50, 'slow': 200, 'adx_thresh': 30, 'use_adx': True}",5,3,-12797.76,33.3,0.59,-17.14,-26.25,-3.44,-78.01
trend_sma,"{'fast': 50, 'slow': 200, 'adx_thresh': 30, 'use_adx': True}",7,2,44932.5,50.0,3.0,89.88,-13.44,5.6,12515.69
trend_sma,"{'fast': 50, 'slow': 200, 'adx_thresh': 30, 'use_adx': True}",10,2,13670.14,50.0,1.85,27.12,-12.41,3.33,266.6
trend_sma,"{'fast': 5, 'slow': 100, 'adx_thresh': 0, 'use_adx': False}",1,75,56522.98,41.3,1.21,3.04,-72.26,1.05,37.72
trend_sma,"{'fast': 5, 'slow': 100, 'adx_thresh': 0, 'use_adx': False}",2,61,110245.28,42.6,1.38,7.25,-76.71,1.73,69.85
trend_sma,"{'fast': 5, 'slow': 100, 'adx_thresh': 0, 'use_adx': False}",3,52,-86104.85,34.6,0.74,-6.67,-103.27,-1.97,-75.51
trend_sma,"{'fast': 5, 'slow': 100, 'adx_thresh': 0, 'use_adx': False}",5,41,30757.51,41.5,1.1,3.02,-96.19,0.57,21.07
trend_sma,"{'fast': 5, 'slow': 100, 'adx_thresh': 0, 'use_adx': False}",7,31,-137540.98,38.7,0.57,-17.78,-213.36,-3.81,0.0
trend_sma,"{'fast': 5, 'slow': 100, 'adx_thresh': 0, 'use_adx': False}",10,26,-97912.96,19.2,0.72,-15.14,-296.14,-1.41,-93.66
trend_sma,"{'fast': 5, 'slow': 100, 'adx_thresh': 20, 'use_adx': True}",1,35,69841.83,54.3,1.68,7.98,-52.0,3.03,52.95
trend_sma,"{'fast': 5, 'slow': 100, 'adx_thresh': 20, 'use_adx': True}",2,31,72114.02,35.5,1.42,9.33,-67.41,1.87,54.0
trend_sma,"{'fast': 5, 'slow': 100, 'adx_thresh': 20, 'use_adx': True}",3,28,-100757.77,28.6,0.49,-14.46,-108.41,-4.65,0.0
trend_sma,"{'fast': 5, 'slow': 100, 'adx_thresh': 20, 'use_adx': True}",5,21,-38034.36,33.3,0.79,-7.31,-113.32,-1.37,-31.82
trend_sma,"{'fast': 5, 'slow': 100, 'adx_thresh': 20, 'use_adx': True}",7,17,-98517.86,23.5,0.55,-23.2,-188.07,-3.39,-96.46
trend_sma,"{'fast': 5, 'slow': 100, 'adx_thresh': 20, 'use_adx': True}",10,16,-140095.26,6.2,0.49,-35.14,-264.64,-3.63,0.0
trend_sma,"{'fast': 5, 'slow': 100, 'adx_thresh': 25, 'use_adx': True}",1,13,85548.01,84.6,4.97,26.4,-15.79,9.23,79.68
trend_sma,"{'fast': 5, 'slow': 100, 'adx_thresh': 25, 'use_adx': True}",2,10,32988.96,50.0,1.69,13.23,-14.15,3.04,31.03
trend_sma,"{'fast': 5, 'slow': 100, 'adx_thresh': 25, 'use_adx': True}",3,10,79712.54,50.0,2.25,32.04,-17.83,4.81,72.84
trend_sma,"{'fast': 5, 'slow': 100, 'adx_thresh': 25, 'use_adx': True}",5,9,192.86,44.4,1.0,0.13,-44.28,-0.0,0.18
trend_sma,"{'fast': 5, 'slow': 100, 'adx_thresh': 25, 'use_adx': True}",7,7,37135.81,42.9,1.53,21.27,-43.88,2.29,34.49
trend_sma,"{'fast': 5, 'slow': 100, 'adx_thresh': 25, 'use_adx': True}",10,7,15559.77,28.6,1.16,8.93,-62.73,0.85,14.14
trend_sma,"{'fast': 5, 'slow': 100, 'adx_thresh': 30, 'use_adx': True}",1,6,40220.27,100.0,inf,26.96,0.0,15.49,69.82
trend_sma,"{'fast': 5, 'slow': 100, 'adx_thresh': 30, 'use_adx': True}",2,5,9479.51,60.0,2.24,7.62,-3.63,5.03,15.24
trend_sma,"{'fast': 5, 'slow': 100, 'adx_thresh': 30, 'use_adx': True}",3,4,-4410.14,25.0,0.77,-4.38,-17.01,-1.57,-6.71
trend_sma,"{'fast': 5, 'slow': 100, 'adx_thresh': 30, 'use_adx': True}",5,3,46509.86,100.0,inf,62.14,0.0,22.86,81.9
trend_sma,"{'fast': 5, 'slow': 100, 'adx_thresh': 30, 'use_adx': True}",7,3,16292.22,66.7,1.79,21.75,-15.08,3.53,25.68
trend_sma,"{'fast': 5, 'slow': 100, 'adx_thresh': 30, 'use_adx': True}",10,3,22717.93,33.3,1.59,30.24,-16.48,2.56,34.68
trend_sma,"{'fast': 10, 'slow': 200, 'adx_thresh': 0, 'use_adx': False}",1,61,-93859.47,34.4,0.65,-6.18,-93.45,-2.54,-91.41
trend_sma,"{'fast': 10, 'slow': 200, 'adx_thresh': 0, 'use_adx': False}",2,50,-34067.21,44.0,0.87,-2.77,-53.25,-0.91,-30.55
trend_sma,"{'fast': 10, 'slow': 200, 'adx_thresh': 0, 'use_adx': False}",3,40,-54716.08,30.0,0.79,-5.5,-77.41,-1.44,-50.26
trend_sma,"{'fast': 10, 'slow': 200, 'adx_thresh': 0, 'use_adx': False}",5,30,43870.99,33.3,1.17,5.96,-48.13,0.86,37.6
trend_sma,"{'fast': 10, 'slow': 200, 'adx_thresh': 0, 'use_adx': False}",7,25,12466.26,40.0,1.06,2.01,-52.54,0.32,10.67
trend_sma,"{'fast': 10, 'slow': 200, 'adx_thresh': 0, 'use_adx': False}",10,20,-75366.63,25.0,0.69,-15.23,-80.14,-2.17,-70.75
trend_sma,"{'fast': 10, 'slow': 200, 'adx_thresh': 20, 'use_adx': True}",1,26,-11972.14,34.6,0.9,-1.82,-69.48,-0.63,-12.65
trend_sma,"{'fast': 10, 'slow': 200, 'adx_thresh': 20, 'use_adx': True}",2,21,29195.77,47.6,1.29,5.58,-43.12,1.5,30.82
trend_sma,"{'fast': 10, 'slow': 200, 'adx_thresh': 20, 'use_adx': True}",3,19,-5287.85,36.8,0.96,-1.13,-57.62,-0.25,-5.51
trend_sma,"{'fast': 10, 'slow': 200, 'adx_thresh': 20, 'use_adx': True}",5,15,75126.0,40.0,1.65,20.25,-43.06,2.38,80.91
trend_sma,"{'fast': 10, 'slow': 200, 'adx_thresh': 20, 'use_adx': True}",7,13,8089.42,30.8,1.06,2.49,-55.37,0.33,8.48
trend_sma,"{'fast': 10, 'slow': 200, 'adx_thresh': 20, 'use_adx': True}",10,11,3018.58,27.3,1.02,1.21,-63.83,0.1,3.13
trend_sma,"{'fast': 10, 'slow': 200, 'adx_thresh': 25, 'use_adx': True}",1,12,47008.32,50.0,2.8,15.66,-12.62,5.52,81.47
trend_sma,"{'fast': 10, 'slow': 200, 'adx_thresh': 25, 'use_adx': True}",2,9,63119.06,55.6,2.84,28.15,-12.25,6.0,116.66
trend_sma,"{'fast': 10, 'slow': 200, 'adx_thresh': 25, 'use_adx': True}",3,8,111772.61,62.5,3.18,56.07,-25.6,7.38,217.59
trend_sma,"{'fast': 10, 'slow': 200, 'adx_thresh': 25, 'use_adx': True}",5,6,56805.04,66.7,2.8,37.93,-15.69,6.87,99.35
trend_sma,"{'fast': 10, 'slow': 200, 'adx_thresh': 25, 'use_adx': True}",7,5,98300.7,40.0,4.67,78.75,-21.26,7.5,189.6
trend_sma,"{'fast': 10, 'slow': 200, 'adx_thresh': 25, 'use_adx': True}",10,5,47170.11,40.0,1.98,37.83,-16.04,3.31,77.83
trend_sma,"{'fast': 10, 'slow': 200, 'adx_thresh': 30, 'use_adx': True}",1,6,35022.83,50.0,4.34,23.35,-7.21,6.94,59.11
trend_sma,"{'fast': 10, 'slow': 200, 'adx_thresh': 30, 'use_adx': True}",2,5,45898.39,60.0,3.62,37.1,-8.5,8.66,79.36
trend_sma,"{'fast': 10, 'slow': 200, 'adx_thresh': 30, 'use_adx': True}",3,4,5329.37,25.0,1.27,5.4,-15.68,1.29,8.4
trend_sma,"{'fast': 10, 'slow': 200, 'adx_thresh': 30, 'use_adx': True}",5,3,29716.3,100.0,inf,39.7,0.0,26.52,50.85
trend_sma,"{'fast': 10, 'slow': 200, 'adx_thresh': 30, 'use_adx': True}",7,3,3810.33,33.3,1.16,5.05,-16.59,0.81,5.88
trend_sma,"{'fast': 10, 'slow': 200, 'adx_thresh': 30, 'use_adx': True}",10,3,26551.14,33.3,1.77,35.35,-16.06,3.05,41.22
rsi_meanrev,"{'low': 20, 'high': 80}",1,0,0.0,0.0,0.0,0.0,0.0,0.0,0.0
rsi_meanrev,"{'low': 20, 'high': 80}",2,0,0.0,0.0,0.0,0.0,0.0,0.0,0.0
rsi_meanrev,"{'low': 20, 'high': 80}",3,0,0.0,0.0,0.0,0.0,0.0,0.0,0.0
rsi_meanrev,"{'low': 20, 'high': 80}",5,0,0.0,0.0,0.0,0.0,0.0,0.0,0.0
rsi_meanrev,"{'low': 20, 'high': 80}",7,0,0.0,0.0,0.0,0.0,0.0,0.0,0.0
rsi_meanrev,"{'low': 20, 'high': 80}",10,0,0.0,0.0,0.0,0.0,0.0,0.0,0.0
stoch_cross,"{'low': 20, 'high': 80}",1,60,-18456.75,46.7,0.92,-1.24,-60.48,-0.55,-10.83
stoch_cross,"{'low': 20, 'high': 80}",2,53,83655.36,43.4,1.31,6.32,-37.19,1.63,40.61
stoch_cross,"{'low': 20, 'high': 80}",3,46,45079.85,30.4,1.17,3.9,-37.88,0.85,23.2
stoch_cross,"{'low': 20, 'high': 80}",5,37,-71934.66,32.4,0.75,-7.85,-83.21,-1.84,-50.95
stoch_cross,"{'low': 20, 'high': 80}",7,32,-3851.43,40.6,0.98,-0.39,-66.04,-0.12,-2.18
stoch_cross,"{'low': 20, 'high': 80}",10,26,147743.24,46.2,1.73,22.88,-24.44,3.38,66.31
rsi_meanrev,"{'low': 25, 'high': 75}",1,2,8755.96,50.0,2.38,17.61,0.0,4.56,8.42
rsi_meanrev,"{'low': 25, 'high': 75}",2,2,26494.32,100.0,inf,53.34,0.0,15.03,25.33
rsi_meanrev,"{'low': 25, 'high': 75}",3,2,16239.8,50.0,10.4,32.74,-1.46,9.23,15.51
rsi_meanrev,"{'low': 25, 'high': 75}",5,2,-3364.25,50.0,0.74,-6.75,-11.92,-1.68,-3.19
rsi_meanrev,"{'low': 25, 'high': 75}",7,2,13858.1,100.0,inf,27.91,0.0,102.81,13.02
rsi_meanrev,"{'low': 25, 'high': 75}",10,2,24060.78,50.0,3.23,48.52,-8.01,5.9,22.11
stoch_cross,"{'low': 25, 'high': 75}",1,67,-32790.55,46.3,0.88,-1.97,-67.44,-0.86,-20.0
stoch_cross,"{'low': 25, 'high': 75}",2,60,82189.1,45.0,1.27,5.49,-38.42,1.46,39.98
stoch_cross,"{'low': 25, 'high': 75}",3,52,36740.32,30.8,1.12,2.81,-43.5,0.63,19.18
stoch_cross,"{'low': 25, 'high': 75}",5,40,-109304.63,30.0,0.66,-11.03,-111.56,-2.64,0.0
stoch_cross,"{'low': 25, 'high': 75}",7,36,80244.66,50.0,1.39,9.03,-38.95,1.9,39.14
stoch_cross,"{'low': 25, 'high': 75}",10,30,319653.9,46.7,2.34,42.86,-28.26,4.92,123.48
rsi_meanrev,"{'low': 30, 'high': 70}",1,12,-19263.22,25.0,0.63,-6.46,-27.09,-2.99,-14.76
rsi_meanrev,"{'low': 30, 'high': 70}",2,10,25258.8,50.0,1.53,10.1,-20.14,2.34,18.27
rsi_meanrev,"{'low': 30, 'high': 70}",3,10,59275.62,50.0,2.56,23.78,-11.69,5.15,41.34
rsi_meanrev,"{'low': 30, 'high': 70}",5,7,11199.82,42.9,1.19,6.37,-24.38,1.07,8.25
rsi_meanrev,"{'low': 30, 'high': 70}",7,7,46060.63,42.9,1.97,26.43,-22.29,3.73,31.93
rsi_meanrev,"{'low': 30, 'high': 70}",10,7,209123.46,71.4,6.43,120.26,-9.48,10.0,125.35
stoch_cross,"{'low': 30, 'high': 70}",1,70,-27486.17,47.1,0.9,-1.57,-54.56,-0.7,-16.51
stoch_cross,"{'low': 30, 'high': 70}",2,63,105077.21,44.4,1.34,6.72,-37.35,1.75,49.58
stoch_cross,"{'low': 30, 'high': 70}",3,55,50267.84,30.9,1.16,3.68,-42.84,0.8,25.65
stoch_cross,"{'low': 30, 'high': 70}",5,42,-55499.46,31.0,0.84,-5.29,-67.77,-1.07,-36.49
stoch_cross,"{'low': 30, 'high': 70}",7,39,126585.19,48.7,1.51,13.21,-25.63,2.29,58.19
stoch_cross,"{'low': 30, 'high': 70}",10,31,319206.35,45.2,2.34,41.42,-28.26,4.83,123.35
rsi_meanrev,"{'low': 35, 'high': 65}",1,37,98636.89,48.6,1.84,10.66,-14.98,3.51,47.11
rsi_meanrev,"{'low': 35, 'high': 65}",2,31,41038.1,45.2,1.37,5.29,-19.99,1.82,21.3
rsi_meanrev,"{'low': 35, 'high': 65}",3,26,-21998.15,34.6,0.86,-3.37,-52.81,-0.94,-13.0
rsi_meanrev,"{'low': 35, 'high': 65}",5,24,68348.49,37.5,1.51,11.52,-51.69,2.25,33.92
rsi_meanrev,"{'low': 35, 'high': 65}",7,20,108099.07,40.0,1.71,21.93,-29.47,2.97,50.82
rsi_meanrev,"{'low': 35, 'high': 65}",10,17,51455.44,41.2,1.37,12.18,-49.52,1.87,26.21
stoch_cross,"{'low': 35, 'high': 65}",1,72,-49176.01,45.8,0.84,-2.74,-69.2,-1.18,-31.62
stoch_cross,"{'low': 35, 'high': 65}",2,65,79295.79,43.1,1.24,4.92,-45.91,1.27,38.73
stoch_cross,"{'low': 35, 'high': 65}",3,56,-31655.65,28.6,0.91,-2.27,-70.04,-0.55,-19.22
stoch_cross,"{'low': 35, 'high': 65}",5,42,-49574.95,33.3,0.85,-4.72,-63.48,-0.96,-31.88
stoch_cross,"{'low': 35, 'high': 65}",7,39,78782.69,46.2,1.3,8.28,-48.76,1.44,38.51
stoch_cross,"{'low': 35, 'high': 65}",10,31,169566.82,41.9,1.68,22.05,-59.87,2.86,74.37
rsi_meanrev,"{'low': 40, 'high': 60}",1,81,175648.12,54.3,1.73,8.72,-19.7,2.97,76.25
rsi_meanrev,"{'low': 40, 'high': 60}",2,63,93699.0,42.9,1.31,5.98,-24.48,1.51,44.79
rsi_meanrev,"{'low': 40, 'high': 60}",3,55,213527.85,49.1,1.81,15.62,-27.51,3.53,89.41
rsi_meanrev,"{'low': 40, 'high': 60}",5,41,65378.77,39.0,1.27,6.46,-83.44,1.35,32.47
rsi_meanrev,"{'low': 40, 'high': 60}",7,36,399900.96,58.3,2.87,44.64,-24.64,5.5,145.84
rsi_meanrev,"{'low': 40, 'high': 60}",10,29,235298.69,37.9,1.89,32.54,-37.55,3.32,96.65
stoch_cross,"{'low': 40, 'high': 60}",1,75,-56016.76,45.3,0.83,-3.0,-87.36,-1.27,-36.95
stoch_cross,"{'low': 40, 'high': 60}",2,67,55622.12,41.8,1.15,3.35,-51.81,0.86,28.14
stoch_cross,"{'low': 40, 'high': 60}",3,56,-40901.72,28.6,0.89,-2.94,-74.36,-0.7,-25.54
stoch_cross,"{'low': 40, 'high': 60}",5,43,-3261.99,34.9,0.99,-0.28,-47.54,-0.07,-1.84
stoch_cross,"{'low': 40, 'high': 60}",7,40,56035.8,45.0,1.18,5.8,-41.63,0.98,28.33
stoch_cross,"{'low': 40, 'high': 60}",10,31,169566.82,41.9,1.68,22.05,-59.87,2.86,74.37
rsi_meanrev,"{'low': 45, 'high': 55}",1,124,42727.9,43.5,1.09,1.36,-70.87,0.46,21.93
rsi_meanrev,"{'low': 45, 'high': 55}",2,97,293940.97,46.4,1.74,12.17,-45.48,2.63,114.69
rsi_meanrev,"{'low': 45, 'high': 55}",3,76,-19107.49,35.5,0.96,-1.0,-73.11,-0.29,-11.16
rsi_meanrev,"{'low': 45, 'high': 55}",5,59,269921.98,39.0,1.64,18.42,-36.66,2.91,107.29
rsi_meanrev,"{'low': 45, 'high': 55}",7,47,-4986.33,34.0,0.99,-0.49,-60.79,-0.09,-2.81
rsi_meanrev,"{'low': 45, 'high': 55}",10,35,-85184.02,34.3,0.76,-9.86,-113.75,-1.77,-65.49
stoch_cross,"{'low': 45, 'high': 55}",1,86,-38923.45,45.3,0.9,-1.81,-122.96,-0.73,-24.18
stoch_cross,"{'low': 45, 'high': 55}",2,72,76959.03,41.7,1.2,4.31,-61.04,1.12,37.71
stoch_cross,"{'low': 45, 'high': 55}",3,62,-46504.85,29.0,0.88,-3.01,-89.34,-0.75,-29.58
stoch_cross,"{'low': 45, 'high': 55}",5,48,23640.46,37.5,1.06,2.09,-55.09,0.33,12.7
stoch_cross,"{'low': 45, 'high': 55}",7,41,33373.65,41.5,1.09,3.46,-41.63,0.52,17.52
stoch_cross,"{'low': 45, 'high': 55}",10,31,167325.12,41.9,1.67,21.76,-59.87,2.82,73.55
rsi_meanrev,"{'low': 15, 'high': 85}",1,0,0.0,0.0,0.0,0.0,0.0,0.0,0.0
rsi_meanrev,"{'low': 15, 'high': 85}",2,0,0.0,0.0,0.0,0.0,0.0,0.0,0.0
rsi_meanrev,"{'low': 15, 'high': 85}",3,0,0.0,0.0,0.0,0.0,0.0,0.0,0.0
rsi_meanrev,"{'low': 15, 'high': 85}",5,0,0.0,0.0,0.0,0.0,0.0,0.0,0.0
rsi_meanrev,"{'low': 15, 'high': 85}",7,0,0.0,0.0,0.0,0.0,0.0,0.0,0.0
rsi_meanrev,"{'low': 15, 'high': 85}",10,0,0.0,0.0,0.0,0.0,0.0,0.0,0.0
stoch_cross,"{'low': 15, 'high': 85}",1,48,23808.44,47.9,1.14,1.99,-35.46,0.79,12.74
stoch_cross,"{'low': 15, 'high': 85}",2,43,147788.95,48.8,1.76,13.8,-25.13,3.42,66.32
stoch_cross,"{'low': 15, 'high': 85}",3,40,75499.67,32.5,1.39,7.56,-56.88,1.73,37.08
stoch_cross,"{'low': 15, 'high': 85}",5,35,183676.16,45.7,1.88,21.16,-19.52,3.62,79.43
stoch_cross,"{'low': 15, 'high': 85}",7,30,23373.95,43.3,1.1,3.27,-92.6,0.58,12.5
stoch_cross,"{'low': 15, 'high': 85}",10,25,109485.8,44.0,1.57,17.61,-18.35,2.7,51.38
macd_cross,{'require_hist': True},1,34,74042.39,50.0,1.81,8.83,-22.07,3.34,37.86
macd_cross,{'require_hist': True},2,33,-12989.63,39.4,0.92,-1.53,-37.73,-0.56,-7.73
macd_cross,{'require_hist': True},3,30,-48191.85,40.0,0.74,-6.38,-90.54,-1.88,-31.6
macd_cross,{'require_hist': True},5,28,28142.13,42.9,1.15,4.09,-52.46,0.85,15.37
macd_cross,{'require_hist': True},7,25,156804.08,36.0,1.78,25.2,-43.52,3.12,72.26
macd_cross,{'require_hist': True},10,21,96300.27,28.6,1.36,18.42,-60.21,1.63,47.54
macd_cross,{'require_hist': False},1,34,74042.39,50.0,1.81,8.83,-22.07,3.34,37.86
macd_cross,{'require_hist': False},2,33,-12989.63,39.4,0.92,-1.53,-37.73,-0.56,-7.73
macd_cross,{'require_hist': False},3,30,-48191.85,40.0,0.74,-6.38,-90.54,-1.88,-31.6
macd_cross,{'require_hist': False},5,28,28142.13,42.9,1.15,4.09,-52.46,0.85,15.37
macd_cross,{'require_hist': False},7,25,156804.08,36.0,1.78,25.2,-43.52,3.12,72.26
macd_cross,{'require_hist': False},10,21,96300.27,28.6,1.36,18.42,-60.21,1.63,47.54
vwap,{},1,149,-89827.69,40.9,0.87,-2.42,-94.62,-0.85,-72.02
vwap,{},2,112,-25680.33,37.5,0.96,-0.92,-105.96,-0.3,-15.24
vwap,{},3,89,-103800.99,38.2,0.82,-4.7,-102.2,-1.27,0.0
vwap,{},5,64,-70135.88,37.5,0.86,-4.41,-132.82,-0.96,-49.01
vwap,{},7,50,-237865.01,36.0,0.58,-19.11,-222.79,-3.54,0.0
vwap,{},10,38,-48490.38,26.3,0.89,-5.21,-163.53,-0.54,-30.9
bollinger,{'bands': 1.5},1,21,29123.01,57.1,1.43,5.52,-23.64,2.23,15.99
bollinger,{'bands': 1.5},2,20,2669.22,50.0,1.03,0.51,-19.58,0.17,1.54
bollinger,{'bands': 1.5},3,19,41067.6,42.1,1.6,8.67,-12.16,2.74,22.02
bollinger,{'bands': 1.5},5,18,108559.0,50.0,2.31,24.33,-22.81,4.63,52.99
bollinger,{'bands': 1.5},7,17,148842.48,52.9,2.72,35.3,-15.7,5.31,69.44
bollinger,{'bands': 1.5},10,16,293995.63,68.8,5.03,73.9,-26.92,7.44,121.03
bollinger,{'bands': 1.8},1,21,29123.01,57.1,1.43,5.52,-23.64,2.23,15.99
bollinger,{'bands': 1.8},2,20,2669.22,50.0,1.03,0.51,-19.58,0.17,1.54
bollinger,{'bands': 1.8},3,19,41067.6,42.1,1.6,8.67,-12.16,2.74,22.02
bollinger,{'bands': 1.8},5,18,108559.0,50.0,2.31,24.33,-22.81,4.63,52.99
bollinger,{'bands': 1.8},7,17,148842.48,52.9,2.72,35.3,-15.7,5.31,69.44
bollinger,{'bands': 1.8},10,16,293995.63,68.8,5.03,73.9,-26.92,7.44,121.03
bollinger,{'bands': 2.0},1,21,29123.01,57.1,1.43,5.52,-23.64,2.23,15.99
bollinger,{'bands': 2.0},2,20,2669.22,50.0,1.03,0.51,-19.58,0.17,1.54
bollinger,{'bands': 2.0},3,19,41067.6,42.1,1.6,8.67,-12.16,2.74,22.02
bollinger,{'bands': 2.0},5,18,108559.0,50.0,2.31,24.33,-22.81,4.63,52.99
bollinger,{'bands': 2.0},7,17,148842.48,52.9,2.72,35.3,-15.7,5.31,69.44
bollinger,{'bands': 2.0},10,16,293995.63,68.8,5.03,73.9,-26.92,7.44,121.03
bollinger,{'bands': 2.2},1,21,29123.01,57.1,1.43,5.52,-23.64,2.23,15.99
bollinger,{'bands': 2.2},2,20,2669.22,50.0,1.03,0.51,-19.58,0.17,1.54
bollinger,{'bands': 2.2},3,19,41067.6,42.1,1.6,8.67,-12.16,2.74,22.02
bollinger,{'bands': 2.2},5,18,108559.0,50.0,2.31,24.33,-22.81,4.63,52.99
bollinger,{'bands': 2.2},7,17,148842.48,52.9,2.72,35.3,-15.7,5.31,69.44
bollinger,{'bands': 2.2},10,16,293995.63,68.8,5.03,73.9,-26.92,7.44,121.03
bollinger,{'bands': 2.5},1,21,29123.01,57.1,1.43,5.52,-23.64,2.23,15.99
bollinger,{'bands': 2.5},2,20,2669.22,50.0,1.03,0.51,-19.58,0.17,1.54
bollinger,{'bands': 2.5},3,19,41067.6,42.1,1.6,8.67,-12.16,2.74,22.02
bollinger,{'bands': 2.5},5,18,108559.0,50.0,2.31,24.33,-22.81,4.63,52.99
bollinger,{'bands': 2.5},7,17,148842.48,52.9,2.72,35.3,-15.7,5.31,69.44
bollinger,{'bands': 2.5},10,16,293995.63,68.8,5.03,73.9,-26.92,7.44,121.03
bollinger,{'bands': 2.8},1,21,29123.01,57.1,1.43,5.52,-23.64,2.23,15.99
bollinger,{'bands': 2.8},2,20,2669.22,50.0,1.03,0.51,-19.58,0.17,1.54
bollinger,{'bands': 2.8},3,19,41067.6,42.1,1.6,8.67,-12.16,2.74,22.02
bollinger,{'bands': 2.8},5,18,108559.0,50.0,2.31,24.33,-22.81,4.63,52.99
bollinger,{'bands': 2.8},7,17,148842.48,52.9,2.72,35.3,-15.7,5.31,69.44
bollinger,{'bands': 2.8},10,16,293995.63,68.8,5.03,73.9,-26.92,7.44,121.03
bollinger,{'bands': 3.0},1,21,29123.01,57.1,1.43,5.52,-23.64,2.23,15.99
bollinger,{'bands': 3.0},2,20,2669.22,50.0,1.03,0.51,-19.58,0.17,1.54
bollinger,{'bands': 3.0},3,19,41067.6,42.1,1.6,8.67,-12.16,2.74,22.02
bollinger,{'bands': 3.0},5,18,108559.0,50.0,2.31,24.33,-22.81,4.63,52.99
bollinger,{'bands': 3.0},7,17,148842.48,52.9,2.72,35.3,-15.7,5.31,69.44
bollinger,{'bands': 3.0},10,16,293995.63,68.8,5.03,73.9,-26.92,7.44,121.03
breakout,{'lookback': 5},1,107,-63481.48,39.3,0.86,-2.38,-95.05,-0.93,-43.4
breakout,{'lookback': 5},2,89,-169320.68,33.7,0.66,-7.65,-173.38,-2.61,0.0
breakout,{'lookback': 5},3,75,-101950.36,30.7,0.81,-5.51,-101.39,-1.29,0.0
breakout,{'lookback': 5},5,55,-80623.41,40.0,0.82,-5.97,-95.36,-1.2,-60.38
breakout,{'lookback': 5},7,44,-71315.93,29.5,0.84,-6.57,-144.67,-1.0,-50.51
breakout,{'lookback': 5},10,34,-115719.75,29.4,0.74,-13.71,-211.77,-1.75,0.0
donchian,{'lookback': 5},1,72,-76373.75,36.1,0.72,-4.29,-95.32,-2.01,-55.75
donchian,{'lookback': 5},2,65,-57176.84,35.4,0.84,-3.56,-89.43,-1.14,-38.16
donchian,{'lookback': 5},3,55,107852.4,32.7,1.33,7.84,-84.42,1.38,51.1
donchian,{'lookback': 5},5,43,-91956.97,32.6,0.74,-8.63,-108.07,-1.76,-75.87
donchian,{'lookback': 5},7,36,-151456.16,22.2,0.63,-16.91,-153.28,-3.04,0.0
donchian,{'lookback': 5},10,30,-200773.97,23.3,0.54,-26.91,-243.08,-3.39,0.0
momentum_roc,"{'n': 5, 'thresh': 1.0}",1,104,10067.76,37.5,1.03,0.4,-59.42,0.11,5.55
momentum_roc,"{'n': 5, 'thresh': 1.0}",2,82,140641.51,41.5,1.34,6.9,-46.22,1.7,63.99
momentum_roc,"{'n': 5, 'thresh': 1.0}",3,69,57028.17,33.3,1.14,3.27,-45.01,0.71,28.99
momentum_roc,"{'n': 5, 'thresh': 1.0}",5,55,-142436.13,32.7,0.71,-10.42,-122.01,-2.17,0.0
momentum_roc,"{'n': 5, 'thresh': 1.0}",7,42,-27390.55,28.6,0.94,-2.63,-79.94,-0.38,-16.5
momentum_roc,"{'n': 5, 'thresh': 1.0}",10,33,-151443.07,30.3,0.62,-18.49,-191.79,-2.97,0.0
momentum_roc,"{'n': 5, 'thresh': 1.5}",1,77,-48099.2,32.5,0.86,-2.49,-109.28,-0.99,-30.93
momentum_roc,"{'n': 5, 'thresh': 1.5}",2,66,-94050.34,36.4,0.73,-5.74,-99.99,-2.02,-79.6
momentum_roc,"{'n': 5, 'thresh': 1.5}",3,51,47518.74,37.3,1.16,3.68,-54.56,0.84,24.52
momentum_roc,"{'n': 5, 'thresh': 1.5}",5,45,-80679.9,35.6,0.78,-7.23,-94.41,-1.46,-60.39
momentum_roc,"{'n': 5, 'thresh': 1.5}",7,36,-132134.07,25.0,0.69,-14.79,-117.21,-2.27,0.0
momentum_roc,"{'n': 5, 'thresh': 1.5}",10,30,-300253.94,13.3,0.26,-40.23,-313.86,-9.04,0.0
momentum_roc,"{'n': 5, 'thresh': 2.0}",1,55,-45420.81,32.7,0.82,-3.28,-74.47,-1.26,-29.01
momentum_roc,"{'n': 5, 'thresh': 2.0}",2,44,-93565.42,27.3,0.64,-8.52,-93.49,-2.88,-78.78
momentum_roc,"{'n': 5, 'thresh': 2.0}",3,38,85392.62,36.8,1.4,9.03,-50.44,1.55,41.66
momentum_roc,"{'n': 5, 'thresh': 2.0}",5,35,-52959.7,42.9,0.81,-6.05,-69.02,-1.21,-34.61
momentum_roc,"{'n': 5, 'thresh': 2.0}",7,31,-166870.43,19.4,0.55,-21.64,-186.9,-3.42,0.0
momentum_roc,"{'n': 5, 'thresh': 2.0}",10,26,-287758.28,15.4,0.23,-44.48,-300.52,-10.73,0.0
momentum_roc,"{'n': 5, 'thresh': 2.5}",1,38,-1658.31,36.8,0.99,-0.13,-56.11,-0.09,-0.94
momentum_roc,"{'n': 5, 'thresh': 2.5}",2,32,-65625.11,25.0,0.67,-8.21,-73.38,-2.58,-45.3
momentum_roc,"{'n': 5, 'thresh': 2.5}",3,29,-99947.96,27.6,0.49,-13.8,-99.95,-4.72,-98.6
momentum_roc,"{'n': 5, 'thresh': 2.5}",5,27,-127474.25,33.3,0.43,-18.98,-138.66,-5.59,0.0
momentum_roc,"{'n': 5, 'thresh': 2.5}",7,25,-151371.46,16.0,0.52,-24.35,-239.95,-3.6,0.0
momentum_roc,"{'n': 5, 'thresh': 2.5}",10,21,-298365.02,9.5,0.16,-57.12,-311.84,-14.07,0.0
momentum_roc,"{'n': 5, 'thresh': 3.0}",1,25,-29722.21,36.0,0.7,-4.74,-40.4,-2.1,-18.51
momentum_roc,"{'n': 5, 'thresh': 3.0}",2,23,-37687.62,21.7,0.7,-6.56,-39.98,-2.17,-23.97
momentum_roc,"{'n': 5, 'thresh': 3.0}",3,20,-53820.84,35.0,0.61,-10.75,-52.74,-3.36,-36.04
momentum_roc,"{'n': 5, 'thresh': 3.0}",5,19,-74003.31,31.6,0.51,-15.67,-83.49,-4.37,-54.13
momentum_roc,"{'n': 5, 'thresh': 3.0}",7,16,-85427.69,12.5,0.56,-21.48,-165.58,-2.8,-67.18
momentum_roc,"{'n': 5, 'thresh': 3.0}",10,15,-213277.73,6.7,0.16,-57.2,-248.1,-13.57,0.0
breakout,{'lookback': 8},1,86,30313.72,38.4,1.09,1.42,-50.11,0.47,16.41
breakout,{'lookback': 8},2,74,-76739.52,35.1,0.81,-4.18,-92.01,-1.39,-56.64
breakout,{'lookback': 8},3,61,-46517.44,37.7,0.89,-3.09,-89.72,-0.72,-30.09
breakout,{'lookback': 8},5,48,-171804.29,35.4,0.62,-14.41,-192.03,-3.11,0.0
breakout,{'lookback': 8},7,39,-134588.08,23.1,0.72,-13.93,-174.42,-1.93,0.0
breakout,{'lookback': 8},10,32,-167846.02,25.0,0.6,-21.08,-241.12,-3.14,0.0
donchian,{'lookback': 8},1,61,-87213.78,34.4,0.65,-5.75,-118.17,-2.69,-69.28
donchian,{'lookback': 8},2,58,-115684.45,32.8,0.65,-8.0,-125.27,-2.73,0.0
donchian,{'lookback': 8},3,47,-16089.71,31.9,0.94,-1.36,-62.41,-0.34,-9.55
donchian,{'lookback': 8},5,42,-270919.11,23.8,0.33,-25.94,-276.57,-7.12,0.0
donchian,{'lookback': 8},7,35,-217614.62,17.1,0.48,-25.0,-214.1,-4.68,0.0
donchian,{'lookback': 8},10,29,-189293.94,24.1,0.55,-26.2,-218.06,-3.27,0.0
momentum_roc,"{'n': 8, 'thresh': 1.0}",1,121,-136631.85,41.3,0.75,-4.53,-136.46,-1.71,0.0
momentum_roc,"{'n': 8, 'thresh': 1.0}",2,96,-304844.25,31.2,0.48,-12.75,-292.98,-4.74,0.0
momentum_roc,"{'n': 8, 'thresh': 1.0}",3,74,-183975.59,33.8,0.62,-10.01,-179.87,-2.81,0.0
momentum_roc,"{'n': 8, 'thresh': 1.0}",5,59,-78443.92,28.8,0.85,-5.42,-116.94,-0.85,-58.04
momentum_roc,"{'n': 8, 'thresh': 1.0}",7,45,-232326.38,24.4,0.55,-20.76,-267.61,-3.59,0.0
momentum_roc,"{'n': 8, 'thresh': 1.0}",10,35,-228436.58,22.9,0.53,-26.28,-247.43,-3.44,0.0
momentum_roc,"{'n': 8, 'thresh': 1.5}",1,93,-111493.57,37.6,0.75,-4.79,-127.19,-1.72,0.0
momentum_roc,"{'n': 8, 'thresh': 1.5}",2,74,-213097.58,32.4,0.55,-11.54,-184.34,-3.72,0.0
momentum_roc,"{'n': 8, 'thresh': 1.5}",3,63,-47710.05,34.9,0.87,-3.06,-75.37,-0.81,-30.71
momentum_roc,"{'n': 8, 'thresh': 1.5}",5,50,-139407.76,36.0,0.67,-11.25,-127.0,-2.5,0.0
momentum_roc,"{'n': 8, 'thresh': 1.5}",7,40,-128896.26,27.5,0.71,-12.96,-193.22,-2.14,0.0
momentum_roc,"{'n': 8, 'thresh': 1.5}",10,32,-94470.04,28.1,0.77,-11.95,-104.48,-1.59,-80.57
momentum_roc,"{'n': 8, 'thresh': 2.0}",1,70,-114390.62,35.7,0.65,-6.55,-114.73,-2.71,0.0
momentum_roc,"{'n': 8, 'thresh': 2.0}",2,58,-116242.14,34.5,0.65,-8.04,-115.3,-2.78,0.0
momentum_roc,"{'n': 8, 'thresh': 2.0}",3,50,-2149.56,40.0,0.99,-0.17,-51.07,-0.06,-1.22
momentum_roc,"{'n': 8, 'thresh': 2.0}",5,38,-28243.93,39.5,0.9,-2.98,-59.7,-0.67,-17.12
momentum_roc,"{'n': 8, 'thresh': 2.0}",7,33,-151538.11,27.3,0.57,-18.52,-152.23,-3.63,0.0
momentum_roc,"{'n': 8, 'thresh': 2.0}",10,27,-109855.98,25.9,0.62,-16.39,-121.18,-2.95,0.0
momentum_roc,"{'n': 8, 'thresh': 2.5}",1,56,-181346.61,26.8,0.41,-13.0,-196.62,-5.74,0.0
momentum_roc,"{'n': 8, 'thresh': 2.5}",2,45,-161314.57,31.1,0.45,-14.4,-173.58,-4.9,0.0
momentum_roc,"{'n': 8, 'thresh': 2.5}",3,37,-76714.7,32.4,0.74,-8.34,-168.02,-1.83,-56.96
momentum_roc,"{'n': 8, 'thresh': 2.5}",5,33,-145623.76,33.3,0.57,-17.85,-171.44,-3.65,0.0
momentum_roc,"{'n': 8, 'thresh': 2.5}",7,29,-60422.54,24.1,0.83,-8.48,-93.69,-1.08,-41.5
momentum_roc,"{'n': 8, 'thresh': 2.5}",10,23,-182199.17,21.7,0.44,-31.93,-234.04,-5.58,0.0
momentum_roc,"{'n': 8, 'thresh': 3.0}",1,38,-84770.57,39.5,0.51,-8.95,-101.55,-4.1,-66.45
momentum_roc,"{'n': 8, 'thresh': 3.0}",2,32,-144047.44,18.8,0.28,-18.06,-152.86,-7.39,0.0
momentum_roc,"{'n': 8, 'thresh': 3.0}",3,27,-74480.08,22.2,0.65,-11.06,-158.55,-2.5,-54.62
momentum_roc,"{'n': 8, 'thresh': 3.0}",5,24,-151939.02,29.2,0.35,-25.45,-158.82,-6.85,0.0
momentum_roc,"{'n': 8, 'thresh': 3.0}",7,22,-159245.78,13.6,0.47,-29.11,-230.75,-4.13,0.0
momentum_roc,"{'n': 8, 'thresh': 3.0}",10,19,-289716.26,5.3,0.13,-61.24,-348.03,-15.78,0.0
breakout,{'lookback': 10},1,79,1887.72,38.0,1.01,0.09,-54.6,0.0,1.08
breakout,{'lookback': 10},2,68,-113896.53,33.8,0.69,-6.75,-109.24,-2.39,0.0
breakout,{'lookback': 10},3,58,-125301.94,31.0,0.7,-8.71,-136.06,-2.08,0.0
breakout,{'lookback': 10},5,46,-60034.1,37.0,0.84,-5.3,-83.71,-1.02,-40.73
breakout,{'lookback': 10},7,38,-85180.13,26.3,0.8,-9.07,-150.12,-1.28,-66.51
breakout,{'lookback': 10},10,32,-150265.39,25.0,0.64,-18.87,-222.02,-2.81,0.0
donchian,{'lookback': 10},1,56,-95593.6,39.3,0.58,-6.87,-96.18,-3.53,-83.29
donchian,{'lookback': 10},2,50,-80142.07,36.0,0.71,-6.44,-83.71,-2.16,-60.34
donchian,{'lookback': 10},3,43,-12968.86,32.6,0.95,-1.2,-51.92,-0.3,-7.63
donchian,{'lookback': 10},5,39,-212528.27,25.6,0.39,-21.9,-214.2,-5.99,0.0
donchian,{'lookback': 10},7,34,-258675.25,14.7,0.35,-30.57,-253.93,-6.59,0.0
donchian,{'lookback': 10},10,27,-266636.26,22.2,0.34,-39.69,-277.03,-7.49,0.0
momentum_roc,"{'n': 10, 'thresh': 1.0}",1,119,-34575.61,42.9,0.92,-1.16,-86.57,-0.54,-21.14
momentum_roc,"{'n': 10, 'thresh': 1.0}",2,95,-115612.35,40.0,0.78,-4.88,-114.89,-1.62,0.0
momentum_roc,"{'n': 10, 'thresh': 1.0}",3,79,-219917.78,34.2,0.59,-11.2,-213.63,-3.36,0.0
momentum_roc,"{'n': 10, 'thresh': 1.0}",5,59,-163762.7,25.4,0.72,-11.15,-178.18,-2.03,0.0
momentum_roc,"{'n': 10, 'thresh': 1.0}",7,47,-80104.32,23.4,0.84,-6.82,-141.84,-0.98,-59.45
momentum_roc,"{'n': 10, 'thresh': 1.0}",10,35,-229650.25,17.1,0.53,-26.46,-273.23,-3.43,0.0
momentum_roc,"{'n': 10, 'thresh': 1.5}",1,96,-178993.9,37.5,0.6,-7.47,-162.93,-3.19,0.0
momentum_roc,"{'n': 10, 'thresh': 1.5}",2,78,-78277.23,35.9,0.8,-4.04,-100.06,-1.42,-57.46
momentum_roc,"{'n': 10, 'thresh': 1.5}",3,65,-213977.25,30.8,0.57,-13.26,-209.16,-3.55,0.0
momentum_roc,"{'n': 10, 'thresh': 1.5}",5,51,-143355.87,31.4,0.7,-11.28,-187.68,-2.29,0.0
momentum_roc,"{'n': 10, 'thresh': 1.5}",7,43,-123811.95,23.3,0.74,-11.58,-123.35,-1.68,0.0
momentum_roc,"{'n': 10, 'thresh': 1.5}",10,31,-91242.25,25.8,0.78,-11.9,-218.02,-1.16,-74.36
momentum_roc,"{'n': 10, 'thresh': 2.0}",1,76,-41846.46,43.4,0.86,-2.21,-59.63,-0.93,-26.14
momentum_roc,"{'n': 10, 'thresh': 2.0}",2,62,-43889.79,40.3,0.87,-2.85,-60.43,-0.91,-27.64
momentum_roc,"{'n': 10, 'thresh': 2.0}",3,52,-27366.94,32.7,0.93,-2.11,-131.79,-0.46,-16.37
momentum_roc,"{'n': 10, 'thresh': 2.0}",5,38,-128223.62,34.2,0.61,-13.62,-137.14,-3.3,0.0
momentum_roc,"{'n': 10, 'thresh': 2.0}",7,35,-8897.14,31.4,0.97,-1.1,-76.64,-0.16,-5.08
momentum_roc,"{'n': 10, 'thresh': 2.0}",10,27,-284609.86,14.8,0.22,-42.44,-305.95,-10.65,0.0
momentum_roc,"{'n': 10, 'thresh': 2.5}",1,63,-91848.26,36.5,0.67,-5.85,-99.66,-2.48,-75.64
momentum_roc,"{'n': 10, 'thresh': 2.5}",2,50,-71538.08,30.0,0.74,-5.72,-72.34,-1.89,-50.73
momentum_roc,"{'n': 10, 'thresh': 2.5}",3,40,61250.18,42.5,1.24,6.18,-61.66,1.24,30.88
momentum_roc,"{'n': 10, 'thresh': 2.5}",5,33,-129563.11,36.4,0.55,-15.79,-129.13,-3.94,0.0
momentum_roc,"{'n': 10, 'thresh': 2.5}",7,30,5034.0,33.3,1.02,0.64,-62.5,0.08,2.81
momentum_roc,"{'n': 10, 'thresh': 2.5}",10,25,-244298.64,20.0,0.27,-39.32,-254.1,-9.47,0.0
momentum_roc,"{'n': 10, 'thresh': 3.0}",1,45,-100033.62,40.0,0.54,-8.9,-123.14,-3.78,0.0
momentum_roc,"{'n': 10, 'thresh': 3.0}",2,40,-56844.69,32.5,0.74,-5.66,-58.85,-1.83,-37.71
momentum_roc,"{'n': 10, 'thresh': 3.0}",3,33,23039.77,36.4,1.11,2.88,-73.12,0.55,12.39
momentum_roc,"{'n': 10, 'thresh': 3.0}",5,28,-100688.12,42.9,0.59,-14.44,-100.67,-3.46,0.0
momentum_roc,"{'n': 10, 'thresh': 3.0}",7,23,-10992.86,21.7,0.95,-1.98,-89.22,-0.28,-6.35
momentum_roc,"{'n': 10, 'thresh': 3.0}",10,21,-245807.67,9.5,0.17,-47.1,-255.72,-12.29,0.0
breakout,{'lookback': 12},1,72,21642.51,40.3,1.08,1.21,-48.74,0.42,12.04
breakout,{'lookback': 12},2,63,-112639.65,31.7,0.67,-7.2,-108.11,-2.59,0.0
breakout,{'lookback': 12},3,56,-143553.66,28.6,0.66,-10.32,-146.24,-2.42,0.0
breakout,{'lookback': 12},5,41,-33839.06,39.0,0.89,-3.34,-86.42,-0.73,-21.22
breakout,{'lookback': 12},7,35,-151756.36,31.4,0.59,-17.47,-147.81,-3.54,0.0
breakout,{'lookback': 12},10,31,-283015.03,19.4,0.39,-36.7,-256.0,-6.1,0.0
donchian,{'lookback': 12},1,49,-85979.93,36.7,0.55,-7.06,-84.58,-3.8,-68.08
donchian,{'lookback': 12},2,45,-96912.51,31.1,0.63,-8.63,-97.6,-2.91,-86.71
donchian,{'lookback': 12},3,37,4896.0,35.1,1.02,0.55,-46.57,0.09,2.81
donchian,{'lookback': 12},5,33,-156333.84,24.2,0.44,-19.02,-155.37,-4.95,0.0
donchian,{'lookback': 12},7,30,-214990.64,13.3,0.39,-28.79,-249.62,-5.88,0.0
donchian,{'lookback': 12},10,27,-274816.52,22.2,0.33,-40.92,-328.55,-7.73,0.0
momentum_roc,"{'n': 12, 'thresh': 1.0}",1,119,-24049.93,38.7,0.95,-0.82,-115.0,-0.33,-14.56
momentum_roc,"{'n': 12, 'thresh': 1.0}",2,95,-67162.94,38.9,0.87,-2.84,-145.91,-0.93,-47.06
momentum_roc,"{'n': 12, 'thresh': 1.0}",3,76,-157828.99,32.9,0.72,-8.34,-181.9,-2.12,0.0
momentum_roc,"{'n': 12, 'thresh': 1.0}",5,56,-167324.07,26.8,0.69,-11.95,-219.53,-2.19,0.0
momentum_roc,"{'n': 12, 'thresh': 1.0}",7,44,-86480.62,31.8,0.79,-7.9,-91.0,-1.45,-68.11
momentum_roc,"{'n': 12, 'thresh': 1.0}",10,34,30602.64,26.5,1.07,3.54,-89.82,0.34,16.47
momentum_roc,"{'n': 12, 'thresh': 1.5}",1,99,40827.91,42.4,1.1,1.65,-104.03,0.5,21.6
momentum_roc,"{'n': 12, 'thresh': 1.5}",2,76,-76740.96,36.8,0.81,-4.07,-169.95,-1.31,-56.59
momentum_roc,"{'n': 12, 'thresh': 1.5}",3,64,-38202.53,39.1,0.9,-2.45,-81.24,-0.64,-24.04
momentum_roc,"{'n': 12, 'thresh': 1.5}",5,49,-84139.83,34.7,0.8,-6.9,-129.96,-1.37,-65.07
momentum_roc,"{'n': 12, 'thresh': 1.5}",7,41,-51303.56,36.6,0.87,-5.04,-107.69,-0.79,-33.7
momentum_roc,"{'n': 12, 'thresh': 1.5}",10,30,-63423.0,23.3,0.83,-8.62,-135.9,-0.98,-43.75
momentum_roc,"{'n': 12, 'thresh': 2.0}",1,76,-21450.12,34.2,0.94,-1.12,-77.37,-0.41,-12.92
momentum_roc,"{'n': 12, 'thresh': 2.0}",2,62,-109477.3,32.3,0.68,-7.05,-109.32,-2.36,0.0
momentum_roc,"{'n': 12, 'thresh': 2.0}",3,54,-96690.81,33.3,0.75,-7.2,-112.06,-1.69,-85.73
momentum_roc,"{'n': 12, 'thresh': 2.0}",5,44,-155828.47,34.1,0.61,-14.19,-168.39,-3.5,0.0
momentum_roc,"{'n': 12, 'thresh': 2.0}",7,36,-49325.07,33.3,0.87,-5.52,-136.64,-0.81,-32.3
momentum_roc,"{'n': 12, 'thresh': 2.0}",10,25,-233796.69,16.0,0.24,-37.61,-246.88,-8.56,0.0
momentum_roc,"{'n': 12, 'thresh': 2.5}",1,63,-45041.88,31.7,0.84,-2.86,-59.57,-1.0,-29.04
momentum_roc,"{'n': 12, 'thresh': 2.5}",2,53,-61510.16,32.1,0.78,-4.62,-79.12,-1.48,-42.09
momentum_roc,"{'n': 12, 'thresh': 2.5}",3,47,-83567.78,29.8,0.75,-7.17,-136.2,-1.71,-64.35
momentum_roc,"{'n': 12, 'thresh': 2.5}",5,36,-122734.36,27.8,0.64,-13.67,-127.56,-2.76,0.0
momentum_roc,"{'n': 12, 'thresh': 2.5}",7,30,-141522.35,30.0,0.54,-18.96,-139.73,-3.91,0.0
momentum_roc,"{'n': 12, 'thresh': 2.5}",10,23,-213779.43,13.0,0.24,-37.41,-224.91,-8.39,0.0
momentum_roc,"{'n': 12, 'thresh': 3.0}",1,49,-61218.91,34.7,0.77,-5.0,-80.12,-1.64,-44.07
momentum_roc,"{'n': 12, 'thresh': 3.0}",2,40,-61456.1,32.5,0.74,-6.16,-70.53,-1.91,-44.39
momentum_roc,"{'n': 12, 'thresh': 3.0}",3,33,1503.16,30.3,1.01,0.14,-77.66,0.02,0.92
momentum_roc,"{'n': 12, 'thresh': 3.0}",5,29,-89211.41,27.6,0.69,-12.42,-99.43,-2.31,-74.43
momentum_roc,"{'n': 12, 'thresh': 3.0}",7,24,34546.28,37.5,1.17,5.73,-55.57,0.79,19.78
momentum_roc,"{'n': 12, 'thresh': 3.0}",10,21,-229626.87,9.5,0.22,-44.03,-269.47,-10.68,0.0
breakout,{'lookback': 15},1,62,42667.87,38.7,1.2,2.76,-34.33,0.99,22.9
breakout,{'lookback': 15},2,54,-64110.38,29.6,0.79,-4.77,-76.06,-1.53,-44.77
breakout,{'lookback': 15},3,48,-55984.6,35.4,0.83,-4.71,-72.97,-1.17,-37.79
breakout,{'lookback': 15},5,38,3083.4,34.2,1.01,0.27,-60.57,0.04,1.77
breakout,{'lookback': 15},7,33,-84890.97,24.2,0.78,-10.41,-134.27,-1.46,-66.6
breakout,{'lookback': 15},10,28,-270735.05,21.4,0.31,-38.89,-299.84,-8.13,0.0
donchian,{'lookback': 15},1,43,-92363.63,34.9,0.48,-8.63,-92.93,-4.58,-77.58
donchian,{'lookback': 15},2,40,-132834.56,22.5,0.48,-13.32,-132.54,-4.28,0.0
donchian,{'lookback': 15},3,35,-61162.24,25.7,0.75,-7.0,-80.96,-1.63,-42.19
donchian,{'lookback': 15},5,32,-194870.01,25.0,0.35,-24.45,-221.72,-7.07,0.0
donchian,{'lookback': 15},7,29,-292424.84,10.3,0.21,-40.51,-350.38,-9.91,0.0
donchian,{'lookback': 15},10,26,-330776.28,11.5,0.19,-51.11,-401.71,-11.6,0.0
momentum_roc,"{'n': 15, 'thresh': 1.0}",1,116,-89183.79,38.8,0.83,-3.08,-150.05,-1.09,-72.21
momentum_roc,"{'n': 15, 'thresh': 1.0}",2,93,-176970.69,33.3,0.69,-7.63,-145.75,-2.33,0.0
momentum_roc,"{'n': 15, 'thresh': 1.0}",3,74,-141804.8,35.1,0.71,-7.69,-173.48,-2.24,0.0
momentum_roc,"{'n': 15, 'thresh': 1.0}",5,55,-146132.49,23.6,0.73,-10.6,-153.51,-1.79,0.0
momentum_roc,"{'n': 15, 'thresh': 1.0}",7,44,-170332.45,29.5,0.63,-15.6,-156.26,-2.85,0.0
momentum_roc,"{'n': 15, 'thresh': 1.0}",10,34,-159795.13,23.5,0.64,-18.92,-141.94,-3.0,0.0
momentum_roc,"{'n': 15, 'thresh': 1.5}",1,99,26493.04,40.4,1.06,1.08,-53.34,0.29,14.49
momentum_roc,"{'n': 15, 'thresh': 1.5}",2,75,1058.81,32.0,1.0,0.08,-60.75,-0.01,0.61
momentum_roc,"{'n': 15, 'thresh': 1.5}",3,63,-240776.71,27.0,0.52,-15.35,-227.32,-4.17,0.0
momentum_roc,"{'n': 15, 'thresh': 1.5}",5,49,-102302.39,26.5,0.8,-8.33,-152.72,-1.24,0.0
momentum_roc,"{'n': 15, 'thresh': 1.5}",7,40,-72387.34,30.0,0.83,-7.24,-83.23,-1.03,-52.33
momentum_roc,"{'n': 15, 'thresh': 1.5}",10,29,-94186.77,27.6,0.71,-13.15,-106.88,-2.05,-80.56
momentum_roc,"{'n': 15, 'thresh': 2.0}",1,85,-56305.82,37.6,0.85,-2.66,-73.02,-0.97,-37.91
momentum_roc,"{'n': 15, 'thresh': 2.0}",2,66,-98027.48,30.3,0.74,-5.98,-98.92,-1.93,-89.6
momentum_roc,"{'n': 15, 'thresh': 2.0}",3,55,-71907.42,30.9,0.79,-5.23,-140.61,-1.43,-51.86
momentum_roc,"{'n': 15, 'thresh': 2.0}",5,42,-109368.01,26.2,0.74,-10.43,-164.18,-1.65,0.0
momentum_roc,"{'n': 15, 'thresh': 2.0}",7,36,-72272.75,33.3,0.78,-8.08,-81.15,-1.57,-52.22
momentum_roc,"{'n': 15, 'thresh': 2.0}",10,28,-188607.33,25.0,0.44,-27.16,-210.29,-5.35,0.0
momentum_roc,"{'n': 15, 'thresh': 2.5}",1,61,-43048.98,36.1,0.86,-2.84,-64.25,-0.94,-28.84
momentum_roc,"{'n': 15, 'thresh': 2.5}",2,49,20799.1,40.8,1.09,1.67,-51.92,0.51,12.08
momentum_roc,"{'n': 15, 'thresh': 2.5}",3,42,32946.21,38.1,1.15,3.17,-92.17,0.77,18.85
momentum_roc,"{'n': 15, 'thresh': 2.5}",5,36,-46017.63,36.1,0.85,-5.17,-74.52,-1.03,-31.02
momentum_roc,"{'n': 15, 'thresh': 2.5}",7,29,20339.92,27.6,1.08,2.77,-63.48,0.4,11.68
momentum_roc,"{'n': 15, 'thresh': 2.5}",10,23,-261019.33,17.4,0.23,-45.77,-300.42,-11.08,0.0
momentum_roc,"{'n': 15, 'thresh': 3.0}",1,50,-118732.8,32.0,0.53,-9.56,-151.86,-3.98,0.0
momentum_roc,"{'n': 15, 'thresh': 3.0}",2,41,-72728.11,31.7,0.69,-7.16,-96.12,-2.32,-54.52
momentum_roc,"{'n': 15, 'thresh': 3.0}",3,35,41825.17,34.3,1.2,4.83,-82.03,1.03,23.73
momentum_roc,"{'n': 15, 'thresh': 3.0}",5,29,-71455.75,31.0,0.66,-9.94,-98.96,-2.66,-53.18
momentum_roc,"{'n': 15, 'thresh': 3.0}",7,23,-72481.58,21.7,0.69,-12.68,-142.66,-1.88,-53.85
momentum_roc,"{'n': 15, 'thresh': 3.0}",10,20,-212241.54,10.0,0.32,-42.73,-201.47,-7.78,0.0
breakout,{'lookback': 18},1,56,-9476.02,32.1,0.96,-0.66,-67.41,-0.26,-5.61
breakout,{'lookback': 18},2,50,-148316.46,26.0,0.53,-11.9,-148.35,-4.18,0.0
breakout,{'lookback': 18},3,44,-120226.16,29.5,0.65,-10.98,-144.57,-2.61,0.0
breakout,{'lookback': 18},5,36,-24215.16,33.3,0.92,-2.68,-82.54,-0.53,-14.91
breakout,{'lookback': 18},7,32,-234523.87,18.8,0.39,-29.5,-275.04,-6.27,0.0
breakout,{'lookback': 18},10,27,-302092.12,18.5,0.26,-44.97,-364.21,-9.49,0.0
donchian,{'lookback': 18},1,38,-62267.81,34.2,0.61,-6.55,-56.1,-2.99,-43.2
donchian,{'lookback': 18},2,36,-107623.43,25.0,0.53,-11.97,-109.15,-3.88,0.0
donchian,{'lookback': 18},3,32,-40632.05,28.1,0.81,-5.08,-57.64,-1.22,-26.04
donchian,{'lookback': 18},5,28,-144994.79,28.6,0.42,-20.75,-157.73,-6.06,0.0
donchian,{'lookback': 18},7,26,-252849.1,11.5,0.24,-39.1,-298.89,-9.19,0.0
donchian,{'lookback': 18},10,22,-261530.03,13.6,0.23,-47.8,-311.18,-10.0,0.0
momentum_roc,"{'n': 18, 'thresh': 1.0}",1,113,-1690.45,46.0,1.0,-0.06,-93.8,-0.06,-0.98
momentum_roc,"{'n': 18, 'thresh': 1.0}",2,88,-196229.09,27.3,0.62,-8.92,-215.48,-3.03,0.0
momentum_roc,"{'n': 18, 'thresh': 1.0}",3,74,-77090.45,33.8,0.85,-4.2,-89.28,-1.01,-57.36
momentum_roc,"{'n': 18, 'thresh': 1.0}",5,54,-157720.74,31.5,0.69,-11.72,-174.05,-2.47,0.0
momentum_roc,"{'n': 18, 'thresh': 1.0}",7,43,-123862.68,32.6,0.72,-11.57,-141.67,-2.01,0.0
momentum_roc,"{'n': 18, 'thresh': 1.0}",10,34,-82236.33,35.3,0.78,-9.69,-87.41,-1.58,-63.2
momentum_roc,"{'n': 18, 'thresh': 1.5}",1,97,34204.65,49.5,1.1,1.41,-79.6,0.5,18.55
momentum_roc,"{'n': 18, 'thresh': 1.5}",2,78,-228572.75,34.6,0.54,-11.77,-254.29,-3.98,0.0
momentum_roc,"{'n': 18, 'thresh': 1.5}",3,62,-244643.84,30.6,0.49,-15.86,-268.8,-4.64,0.0
momentum_roc,"{'n': 18, 'thresh': 1.5}",5,48,-246254.43,29.2,0.49,-20.59,-287.64,-4.93,0.0
momentum_roc,"{'n': 18, 'thresh': 1.5}",7,39,26251.92,33.3,1.08,2.7,-58.59,0.36,14.44
momentum_roc,"{'n': 18, 'thresh': 1.5}",10,31,-169424.29,22.6,0.57,-21.93,-210.23,-3.05,0.0
momentum_roc,"{'n': 18, 'thresh': 2.0}",1,77,-16926.57,41.6,0.95,-0.87,-55.45,-0.33,-10.2
momentum_roc,"{'n': 18, 'thresh': 2.0}",2,66,-255684.71,31.8,0.46,-15.55,-291.56,-5.06,0.0
momentum_roc,"{'n': 18, 'thresh': 2.0}",3,51,-91016.74,27.5,0.75,-7.17,-139.99,-1.68,-75.19
momentum_roc,"{'n': 18, 'thresh': 2.0}",5,42,-191295.03,28.6,0.49,-18.27,-206.28,-4.8,0.0
momentum_roc,"{'n': 18, 'thresh': 2.0}",7,35,-99473.84,37.1,0.73,-11.41,-162.71,-1.77,-95.19
momentum_roc,"{'n': 18, 'thresh': 2.0}",10,28,-181611.38,21.4,0.52,-26.16,-205.65,-3.81,0.0
momentum_roc,"{'n': 18, 'thresh': 2.5}",1,64,-207318.18,23.4,0.43,-13.02,-226.92,-5.54,0.0
momentum_roc,"{'n': 18, 'thresh': 2.5}",2,53,-169988.28,30.2,0.5,-12.88,-203.92,-4.18,0.0
momentum_roc,"{'n': 18, 'thresh': 2.5}",3,44,-107725.68,22.7,0.69,-9.83,-147.38,-2.26,0.0
momentum_roc,"{'n': 18, 'thresh': 2.5}",5,36,-148617.05,27.8,0.53,-16.56,-156.84,-4.07,0.0
momentum_roc,"{'n': 18, 'thresh': 2.5}",7,29,-149755.43,20.7,0.55,-20.78,-207.19,-3.25,0.0
momentum_roc,"{'n': 18, 'thresh': 2.5}",10,22,-194115.6,18.2,0.33,-35.51,-217.59,-7.82,0.0
momentum_roc,"{'n': 18, 'thresh': 3.0}",1,54,-199493.46,22.2,0.43,-14.84,-200.36,-5.26,0.0
momentum_roc,"{'n': 18, 'thresh': 3.0}",2,44,-140323.32,27.3,0.53,-12.83,-148.39,-3.99,0.0
momentum_roc,"{'n': 18, 'thresh': 3.0}",3,37,-15013.35,35.1,0.94,-1.6,-77.77,-0.37,-8.98
momentum_roc,"{'n': 18, 'thresh': 3.0}",5,29,-177817.13,24.1,0.36,-24.61,-199.84,-6.98,0.0
momentum_roc,"{'n': 18, 'thresh': 3.0}",7,25,-122771.66,24.0,0.59,-19.78,-157.11,-2.88,0.0
momentum_roc,"{'n': 18, 'thresh': 3.0}",10,19,-171799.29,21.1,0.35,-36.43,-189.71,-7.39,0.0
breakout,{'lookback': 20},1,53,-66901.17,30.2,0.73,-5.07,-78.53,-1.95,-47.63
breakout,{'lookback': 20},2,47,-165744.78,21.3,0.47,-14.17,-171.47,-4.99,0.0
breakout,{'lookback': 20},3,41,-112606.11,31.7,0.63,-11.06,-113.37,-3.0,0.0
breakout,{'lookback': 20},5,33,-37304.62,33.3,0.85,-4.58,-56.87,-0.99,-23.96
breakout,{'lookback': 20},7,29,-162716.64,20.7,0.52,-22.6,-188.08,-3.59,0.0
breakout,{'lookback': 20},10,26,-322317.34,15.4,0.17,-49.86,-388.83,-12.87,0.0
donchian,{'lookback': 20},1,34,-14013.16,41.2,0.88,-1.66,-30.59,-0.83,-8.45
donchian,{'lookback': 20},2,31,-39272.22,25.8,0.75,-5.07,-55.53,-1.65,-25.27
donchian,{'lookback': 20},3,28,-66879.57,28.6,0.62,-9.55,-74.1,-3.05,-47.5
donchian,{'lookback': 20},5,25,-110000.33,20.0,0.54,-17.67,-111.08,-3.63,0.0
donchian,{'lookback': 20},7,23,-166501.97,13.0,0.42,-29.1,-178.88,-4.82,0.0
donchian,{'lookback': 20},10,21,-166981.67,14.3,0.47,-31.94,-204.11,-3.72,0.0
momentum_roc,"{'n': 20, 'thresh': 1.0}",1,120,-217048.49,33.3,0.6,-7.28,-204.34,-3.25,0.0
momentum_roc,"{'n': 20, 'thresh': 1.0}",2,87,-19238.63,35.6,0.96,-0.86,-86.86,-0.28,-11.73
momentum_roc,"{'n': 20, 'thresh': 1.0}",3,74,-234961.05,29.7,0.54,-12.75,-258.74,-4.1,0.0
momentum_roc,"{'n': 20, 'thresh': 1.0}",5,56,-62651.03,32.1,0.88,-4.49,-72.43,-0.86,-43.69
momentum_roc,"{'n': 20, 'thresh': 1.0}",7,45,-257854.65,22.2,0.53,-23.05,-317.12,-3.84,0.0
momentum_roc,"{'n': 20, 'thresh': 1.0}",10,33,-133123.7,30.3,0.68,-16.27,-131.13,-2.43,0.0
momentum_roc,"{'n': 20, 'thresh': 1.5}",1,99,-12315.91,40.4,0.97,-0.49,-70.31,-0.22,-7.38
momentum_roc,"{'n': 20, 'thresh': 1.5}",2,76,-74657.94,30.3,0.83,-3.95,-161.07,-1.13,-55.08
momentum_roc,"{'n': 20, 'thresh': 1.5}",3,64,-211586.38,32.8,0.49,-13.26,-238.03,-4.74,0.0
momentum_roc,"{'n': 20, 'thresh': 1.5}",5,48,-134015.55,33.3,0.64,-11.24,-212.85,-2.72,0.0
momentum_roc,"{'n': 20, 'thresh': 1.5}",7,39,-215063.7,25.6,0.51,-22.2,-310.26,-3.78,0.0
momentum_roc,"{'n': 20, 'thresh': 1.5}",10,31,-71459.93,29.0,0.8,-9.31,-117.31,-1.18,-51.86
momentum_roc,"{'n': 20, 'thresh': 2.0}",1,84,-9597.28,40.5,0.97,-0.45,-68.97,-0.19,-5.71
momentum_roc,"{'n': 20, 'thresh': 2.0}",2,64,-3750.23,34.4,0.99,-0.24,-99.82,-0.09,-2.2
momentum_roc,"{'n': 20, 'thresh': 2.0}",3,55,-170806.05,27.3,0.55,-12.47,-198.56,-3.69,0.0
momentum_roc,"{'n': 20, 'thresh': 2.0}",5,42,-89510.61,33.3,0.73,-8.55,-140.83,-1.84,-73.14
momentum_roc,"{'n': 20, 'thresh': 2.0}",7,35,-108441.27,31.4,0.71,-12.49,-172.26,-1.95,0.0
momentum_roc,"{'n': 20, 'thresh': 2.0}",10,28,-99453.27,28.6,0.68,-14.31,-110.66,-2.14,-95.2
momentum_roc,"{'n': 20, 'thresh': 2.5}",1,68,-43300.67,35.3,0.86,-2.55,-68.84,-0.85,-28.17
momentum_roc,"{'n': 20, 'thresh': 2.5}",2,55,11053.81,32.7,1.04,0.81,-93.99,0.19,6.3
momentum_roc,"{'n': 20, 'thresh': 2.5}",3,47,-128959.83,27.7,0.63,-11.0,-120.06,-2.95,0.0
momentum_roc,"{'n': 20, 'thresh': 2.5}",5,35,-34059.21,25.7,0.89,-3.81,-128.17,-0.63,-21.56
momentum_roc,"{'n': 20, 'thresh': 2.5}",7,30,-210253.56,20.0,0.4,-28.2,-230.77,-5.41,0.0
momentum_roc,"{'n': 20, 'thresh': 2.5}",10,25,-210359.48,24.0,0.37,-33.87,-230.25,-6.47,0.0
momentum_roc,"{'n': 20, 'thresh': 3.0}",1,53,85464.94,45.3,1.43,6.48,-37.21,1.94,43.36
momentum_roc,"{'n': 20, 'thresh': 3.0}",2,43,-38021.32,27.9,0.84,-3.52,-88.52,-0.98,-24.34
momentum_roc,"{'n': 20, 'thresh': 3.0}",3,38,-136423.35,26.3,0.49,-14.43,-141.72,-4.57,0.0
momentum_roc,"{'n': 20, 'thresh': 3.0}",5,30,-93899.77,30.0,0.65,-12.58,-128.1,-2.68,-80.42
momentum_roc,"{'n': 20, 'thresh': 3.0}",7,26,-84540.7,26.9,0.72,-13.09,-140.28,-1.9,-66.33
momentum_roc,"{'n': 20, 'thresh': 3.0}",10,20,-100253.34,20.0,0.65,-20.23,-137.73,-2.22,0.0
breakout,{'lookback': 25},1,44,-22464.1,34.1,0.89,-2.05,-59.27,-0.77,-14.19
breakout,{'lookback': 25},2,38,-72348.57,26.3,0.67,-7.64,-72.92,-2.58,-53.78
breakout,{'lookback': 25},3,33,-28031.72,36.4,0.87,-3.47,-53.61,-0.89,-17.89
breakout,{'lookback': 25},5,26,11650.53,38.5,1.06,1.72,-54.09,0.34,6.87
breakout,{'lookback': 25},7,24,-53309.67,29.2,0.77,-9.02,-93.72,-1.33,-36.74
breakout,{'lookback': 25},10,21,-221720.09,19.0,0.21,-42.53,-235.6,-10.45,0.0
donchian,{'lookback': 25},1,30,-38801.1,40.0,0.65,-5.22,-40.14,-2.91,-25.57
donchian,{'lookback': 25},2,27,-41977.96,25.9,0.68,-6.25,-51.59,-2.09,-27.88
donchian,{'lookback': 25},3,24,-43522.89,25.0,0.69,-7.27,-56.65,-2.32,-29.0
donchian,{'lookback': 25},5,22,-93050.23,18.2,0.56,-17.0,-98.51,-3.4,-79.99
donchian,{'lookback': 25},7,20,-138029.85,10.0,0.45,-27.73,-150.69,-4.37,0.0
donchian,{'lookback': 25},10,19,-122911.43,10.5,0.54,-25.94,-173.94,-2.91,0.0
momentum_roc,"{'n': 25, 'thresh': 1.0}",1,124,140921.37,47.6,1.31,4.56,-29.54,1.57,68.09
momentum_roc,"{'n': 25, 'thresh': 1.0}",2,96,-112497.08,36.5,0.8,-4.71,-115.97,-1.55,0.0
momentum_roc,"{'n': 25, 'thresh': 1.0}",3,78,-130336.39,32.1,0.72,-6.74,-117.51,-2.02,0.0
momentum_roc,"{'n': 25, 'thresh': 1.0}",5,56,-198426.22,28.6,0.61,-14.27,-161.77,-3.26,0.0
momentum_roc,"{'n': 25, 'thresh': 1.0}",7,45,145249.12,46.7,1.42,13.04,-38.87,2.0,69.87
momentum_roc,"{'n': 25, 'thresh': 1.0}",10,34,-149462.74,26.5,0.65,-17.68,-210.81,-2.69,0.0
momentum_roc,"{'n': 25, 'thresh': 1.5}",1,106,-58663.28,41.5,0.86,-2.26,-132.6,-0.94,-40.65
momentum_roc,"{'n': 25, 'thresh': 1.5}",2,80,49602.3,40.0,1.12,2.53,-44.35,0.64,26.91
momentum_roc,"{'n': 25, 'thresh': 1.5}",3,69,-143584.06,31.9,0.66,-8.34,-128.98,-2.66,0.0
momentum_roc,"{'n': 25, 'thresh': 1.5}",5,50,54791.5,36.0,1.14,4.48,-62.39,0.75,29.44
momentum_roc,"{'n': 25, 'thresh': 1.5}",7,41,67981.92,29.3,1.17,6.62,-81.75,0.88,35.84
momentum_roc,"{'n': 25, 'thresh': 1.5}",10,32,895.99,25.0,1.0,0.03,-71.72,0.0,0.53
momentum_roc,"{'n': 25, 'thresh': 2.0}",1,89,-152767.27,33.7,0.65,-6.92,-136.26,-2.71,0.0
momentum_roc,"{'n': 25, 'thresh': 2.0}",2,72,7113.68,38.9,1.02,0.42,-57.87,0.09,4.15
momentum_roc,"{'n': 25, 'thresh': 2.0}",3,61,-126130.33,31.1,0.69,-8.29,-113.46,-2.4,0.0
momentum_roc,"{'n': 25, 'thresh': 2.0}",5,45,-66424.24,35.6,0.82,-5.9,-83.89,-1.26,-47.51
momentum_roc,"{'n': 25, 'thresh': 2.0}",7,38,-126473.53,28.9,0.69,-13.43,-176.0,-2.12,0.0
momentum_roc,"{'n': 25, 'thresh': 2.0}",10,29,64060.52,31.0,1.17,8.74,-48.02,0.93,33.96
momentum_roc,"{'n': 25, 'thresh': 2.5}",1,76,-155745.18,34.2,0.6,-8.25,-148.82,-3.04,0.0
momentum_roc,"{'n': 25, 'thresh': 2.5}",2,61,44283.58,41.0,1.15,2.97,-44.72,0.75,24.22
momentum_roc,"{'n': 25, 'thresh': 2.5}",3,51,-45899.71,37.3,0.85,-3.59,-68.97,-1.09,-30.43
momentum_roc,"{'n': 25, 'thresh': 2.5}",5,43,-119854.04,27.9,0.7,-11.12,-123.28,-2.27,0.0
momentum_roc,"{'n': 25, 'thresh': 2.5}",7,35,-152165.34,31.4,0.62,-17.52,-255.5,-2.76,0.0
momentum_roc,"{'n': 25, 'thresh': 2.5}",10,27,-82136.4,29.6,0.76,-12.21,-157.06,-1.47,-63.84
momentum_roc,"{'n': 25, 'thresh': 3.0}",1,58,-209902.74,29.3,0.35,-14.54,-199.63,-6.61,0.0
momentum_roc,"{'n': 25, 'thresh': 3.0}",2,47,-120196.74,31.9,0.52,-10.2,-114.38,-3.92,0.0
momentum_roc,"{'n': 25, 'thresh': 3.0}",3,41,-113460.02,39.0,0.58,-11.07,-109.26,-3.71,0.0
momentum_roc,"{'n': 25, 'thresh': 3.0}",5,34,-202368.85,29.4,0.46,-23.8,-172.57,-5.79,0.0
momentum_roc,"{'n': 25, 'thresh': 3.0}",7,28,-203002.55,28.6,0.35,-29.04,-196.15,-7.41,0.0
momentum_roc,"{'n': 25, 'thresh': 3.0}",10,22,-177136.28,18.2,0.43,-32.35,-166.97,-5.05,0.0
breakout,{'lookback': 30},1,40,-59571.06,32.5,0.71,-5.99,-91.2,-2.19,-41.99
breakout,{'lookback': 30},2,35,-93214.68,25.7,0.56,-10.7,-92.98,-3.75,-80.11
breakout,{'lookback': 30},3,29,-12994.2,37.9,0.93,-1.84,-51.97,-0.46,-8.0
breakout,{'lookback': 30},5,24,-94.17,37.5,1.0,-0.06,-74.74,-0.02,-0.06
breakout,{'lookback': 30},7,22,-57199.01,27.3,0.76,-10.48,-127.53,-1.49,-39.87
breakout,{'lookback': 30},10,20,-203763.35,15.0,0.22,-40.93,-215.59,-10.12,0.0
donchian,{'lookback': 30},1,25,-32099.69,40.0,0.66,-5.17,-42.69,-2.72,-21.99
donchian,{'lookback': 30},2,22,2300.92,31.8,1.03,0.45,-21.95,0.1,1.47
donchian,{'lookback': 30},3,19,-7493.17,31.6,0.93,-1.54,-32.55,-0.49,-4.86
donchian,{'lookback': 30},5,18,-39108.1,22.2,0.75,-8.71,-70.6,-1.64,-27.17
donchian,{'lookback': 30},7,17,-79400.84,11.8,0.59,-18.73,-107.67,-2.79,-63.58
donchian,{'lookback': 30},10,16,-54298.7,12.5,0.73,-13.55,-114.11,-1.43,-39.38
momentum_roc,"{'n': 30, 'thresh': 1.0}",1,123,15419.74,43.9,1.03,0.49,-88.21,0.15,8.94
momentum_roc,"{'n': 30, 'thresh': 1.0}",2,94,-320.75,38.3,1.0,-0.02,-134.53,-0.03,-0.19
momentum_roc,"{'n': 30, 'thresh': 1.0}",3,76,88705.29,44.7,1.22,4.69,-55.31,1.23,46.13
momentum_roc,"{'n': 30, 'thresh': 1.0}",5,56,-259945.21,28.6,0.5,-18.68,-279.12,-4.49,0.0
momentum_roc,"{'n': 30, 'thresh': 1.0}",7,44,35276.38,34.1,1.08,3.22,-234.17,0.45,19.78
momentum_roc,"{'n': 30, 'thresh': 1.0}",10,34,2783.0,26.5,1.01,0.26,-91.7,0.03,1.65
momentum_roc,"{'n': 30, 'thresh': 1.5}",1,109,24709.17,43.1,1.06,0.91,-67.7,0.28,14.1
momentum_roc,"{'n': 30, 'thresh': 1.5}",2,83,-130098.81,33.7,0.72,-6.27,-130.72,-2.03,0.0
momentum_roc,"{'n': 30, 'thresh': 1.5}",3,71,-24314.88,35.2,0.94,-1.37,-99.4,-0.36,-15.33
momentum_roc,"{'n': 30, 'thresh': 1.5}",5,54,-178712.59,27.8,0.61,-13.3,-229.25,-3.16,0.0
momentum_roc,"{'n': 30, 'thresh': 1.5}",7,42,-14914.28,35.7,0.96,-1.4,-137.1,-0.25,-9.2
momentum_roc,"{'n': 30, 'thresh': 1.5}",10,32,-26296.97,25.0,0.92,-3.33,-100.84,-0.44,-16.66
momentum_roc,"{'n': 30, 'thresh': 2.0}",1,93,-85770.43,38.7,0.79,-3.7,-91.1,-1.41,-69.95
momentum_roc,"{'n': 30, 'thresh': 2.0}",2,74,-100150.7,35.1,0.76,-5.44,-103.75,-1.73,0.0
momentum_roc,"{'n': 30, 'thresh': 2.0}",3,65,-74906.94,33.8,0.83,-4.62,-108.47,-1.2,-57.36
momentum_roc,"{'n': 30, 'thresh': 2.0}",5,47,-37516.32,27.7,0.91,-3.24,-81.89,-0.59,-25.17
momentum_roc,"{'n': 30, 'thresh': 2.0}",7,40,7204.31,35.0,1.02,0.74,-123.88,0.09,4.38
momentum_roc,"{'n': 30, 'thresh': 2.0}",10,31,-23388.87,25.8,0.94,-3.08,-72.93,-0.4,-15.15
momentum_roc,"{'n': 30, 'thresh': 2.5}",1,81,-66512.61,37.0,0.81,-3.29,-78.74,-1.25,-49.06
momentum_roc,"{'n': 30, 'thresh': 2.5}",2,65,-117711.79,36.9,0.7,-7.3,-119.38,-2.34,0.0
momentum_roc,"{'n': 30, 'thresh': 2.5}",3,54,-26014.19,33.3,0.93,-1.95,-82.51,-0.47,-16.95
momentum_roc,"{'n': 30, 'thresh': 2.5}",5,42,-121439.17,26.2,0.65,-11.65,-162.15,-2.66,0.0
momentum_roc,"{'n': 30, 'thresh': 2.5}",7,35,-77377.31,31.4,0.78,-8.9,-198.9,-1.4,-60.0
momentum_roc,"{'n': 30, 'thresh': 2.5}",10,28,-131293.58,21.4,0.66,-18.97,-147.75,-2.32,0.0
momentum_roc,"{'n': 30, 'thresh': 3.0}",1,65,-5067.91,38.5,0.98,-0.31,-49.53,-0.13,-3.17
momentum_roc,"{'n': 30, 'thresh': 3.0}",2,53,-125373.01,34.0,0.6,-9.52,-121.31,-3.32,0.0
momentum_roc,"{'n': 30, 'thresh': 3.0}",3,44,-47681.09,31.8,0.84,-4.35,-86.75,-1.04,-32.93
momentum_roc,"{'n': 30, 'thresh': 3.0}",5,36,-174205.59,25.0,0.5,-19.45,-156.34,-4.5,0.0
momentum_roc,"{'n': 30, 'thresh': 3.0}",7,31,-71709.88,25.8,0.78,-9.3,-131.24,-1.39,-54.09
momentum_roc,"{'n': 30, 'thresh': 3.0}",10,25,-116525.7,24.0,0.65,-18.77,-132.64,-2.91,0.0
breakout,{'lookback': 35},1,37,-63210.41,32.4,0.67,-6.87,-92.97,-2.63,-45.74
breakout,{'lookback': 35},2,32,-101113.61,25.0,0.48,-12.69,-101.31,-4.61,0.0
breakout,{'lookback': 35},3,27,-34782.43,33.3,0.81,-5.22,-64.86,-1.29,-22.93
breakout,{'lookback': 35},5,23,-37268.98,34.8,0.82,-6.6,-102.24,-1.23,-24.73
breakout,{'lookback': 35},7,21,-83122.09,23.8,0.65,-15.98,-171.65,-2.23,-66.18
breakout,{'lookback': 35},10,18,-172075.77,11.1,0.19,-38.45,-195.77,-9.9,0.0
donchian,{'lookback': 35},1,23,-20662.47,39.1,0.75,-3.63,-28.48,-1.93,-13.82
donchian,{'lookback': 35},2,20,7787.92,35.0,1.09,1.59,-21.06,0.44,4.93
donchian,{'lookback': 35},3,18,-5585.41,33.3,0.95,-1.2,-31.99,-0.38,-3.61
donchian,{'lookback': 35},5,17,-35022.5,23.5,0.77,-8.28,-69.58,-1.49,-24.12
donchian,{'lookback': 35},7,16,-76394.49,12.5,0.6,-19.14,-104.64,-2.75,-60.33
donchian,{'lookback': 35},10,15,-60198.42,6.7,0.69,-16.03,-121.33,-1.64,-44.56
momentum_roc,"{'n': 35, 'thresh': 1.0}",1,119,-46520.73,39.5,0.91,-1.58,-85.43,-0.59,-31.75
momentum_roc,"{'n': 35, 'thresh': 1.0}",2,92,126902.94,37.0,1.27,5.52,-46.63,1.41,64.75
momentum_roc,"{'n': 35, 'thresh': 1.0}",3,74,4874.08,36.5,1.01,0.23,-59.77,0.03,2.95
momentum_roc,"{'n': 35, 'thresh': 1.0}",5,54,128893.71,35.2,1.31,9.56,-46.9,1.55,65.63
momentum_roc,"{'n': 35, 'thresh': 1.0}",7,43,13161.93,34.9,1.03,1.16,-55.53,0.17,7.83
momentum_roc,"{'n': 35, 'thresh': 1.0}",10,33,23058.69,33.3,1.06,2.78,-83.34,0.31,13.48
momentum_roc,"{'n': 35, 'thresh': 1.5}",1,108,-46552.68,38.0,0.9,-1.72,-85.93,-0.63,-31.95
momentum_roc,"{'n': 35, 'thresh': 1.5}",2,85,75379.62,35.3,1.17,3.55,-51.46,0.91,41.15
momentum_roc,"{'n': 35, 'thresh': 1.5}",3,68,-9988.82,35.3,0.98,-0.59,-73.77,-0.13,-6.25
momentum_roc,"{'n': 35, 'thresh': 1.5}",5,51,50785.99,37.3,1.14,4.0,-39.48,0.71,28.65
momentum_roc,"{'n': 35, 'thresh': 1.5}",7,40,67724.83,35.0,1.19,6.76,-52.53,0.97,37.33
momentum_roc,"{'n': 35, 'thresh': 1.5}",10,32,110553.76,31.2,1.32,13.87,-53.69,1.49,57.89
momentum_roc,"{'n': 35, 'thresh': 2.0}",1,94,-1704.75,37.2,1.0,-0.07,-83.03,-0.06,-1.05
momentum_roc,"{'n': 35, 'thresh': 2.0}",2,72,-122403.24,34.7,0.72,-6.83,-160.3,-2.12,0.0
momentum_roc,"{'n': 35, 'thresh': 2.0}",3,59,-36573.4,32.2,0.91,-2.47,-83.19,-0.61,-24.37
momentum_roc,"{'n': 35, 'thresh': 2.0}",5,46,-116853.94,34.8,0.7,-10.27,-115.36,-2.16,0.0
momentum_roc,"{'n': 35, 'thresh': 2.0}",7,37,-46909.88,27.0,0.88,-5.21,-79.52,-0.77,-32.19
momentum_roc,"{'n': 35, 'thresh': 2.0}",10,29,-67333.31,24.1,0.8,-9.45,-113.01,-1.11,-49.66
momentum_roc,"{'n': 35, 'thresh': 2.5}",1,82,-169695.85,24.4,0.58,-8.33,-202.46,-3.36,0.0
momentum_roc,"{'n': 35, 'thresh': 2.5}",2,65,-136276.49,33.8,0.64,-8.45,-147.62,-2.92,0.0
momentum_roc,"{'n': 35, 'thresh': 2.5}",3,55,-125699.51,36.4,0.67,-9.21,-126.56,-2.66,0.0
momentum_roc,"{'n': 35, 'thresh': 2.5}",5,42,-157850.45,26.2,0.6,-15.17,-147.36,-3.16,0.0
momentum_roc,"{'n': 35, 'thresh': 2.5}",7,34,-202431.26,17.6,0.49,-24.01,-226.5,-4.02,0.0
momentum_roc,"{'n': 35, 'thresh': 2.5}",10,28,-80582.0,21.4,0.77,-11.71,-108.38,-1.34,-63.6
momentum_roc,"{'n': 35, 'thresh': 3.0}",1,72,-184585.58,29.2,0.51,-10.31,-190.33,-4.08,0.0
momentum_roc,"{'n': 35, 'thresh': 3.0}",2,57,-124990.65,31.6,0.63,-8.83,-120.29,-2.97,0.0
momentum_roc,"{'n': 35, 'thresh': 3.0}",3,50,-125860.07,36.0,0.61,-10.14,-151.03,-3.28,0.0
momentum_roc,"{'n': 35, 'thresh': 3.0}",5,37,-139266.5,27.0,0.53,-15.17,-155.33,-4.08,0.0
momentum_roc,"{'n': 35, 'thresh': 3.0}",7,32,-60511.02,28.1,0.82,-7.67,-108.44,-1.12,-43.61
momentum_roc,"{'n': 35, 'thresh': 3.0}",10,24,25036.35,25.0,1.1,3.95,-71.05,0.44,14.82
breakout,{'lookback': 40},1,35,-49997.22,31.4,0.72,-5.73,-71.61,-2.18,-35.94
breakout,{'lookback': 40},2,30,-75026.95,26.7,0.55,-10.02,-72.92,-3.64,-58.93
breakout,{'lookback': 40},3,26,-13143.39,34.6,0.92,-2.05,-58.01,-0.53,-8.63
breakout,{'lookback': 40},5,21,2702.99,38.1,1.02,0.45,-62.7,0.08,1.72
breakout,{'lookback': 40},7,19,-38107.67,26.3,0.8,-8.09,-109.63,-1.11,-26.45
breakout,{'lookback': 40},10,17,-169731.32,11.8,0.2,-40.08,-169.85,-10.19,0.0
donchian,{'lookback': 40},1,22,-34243.81,31.8,0.62,-6.27,-41.52,-3.28,-23.62
donchian,{'lookback': 40},2,19,7641.1,31.6,1.09,1.64,-21.13,0.44,4.84
donchian,{'lookback': 40},3,17,-1855.79,35.3,0.98,-0.39,-29.31,-0.15,-1.19
donchian,{'lookback': 40},5,16,-34134.99,25.0,0.78,-8.56,-76.49,-1.48,-23.46
donchian,{'lookback': 40},7,15,-62948.21,13.3,0.64,-16.81,-105.91,-2.35,-47.05
donchian,{'lookback': 40},10,14,-48447.93,7.1,0.73,-13.79,-122.25,-1.37,-34.58
momentum_roc,"{'n': 40, 'thresh': 1.0}",1,116,244224.87,47.4,1.63,8.47,-27.75,2.76,113.19
momentum_roc,"{'n': 40, 'thresh': 1.0}",2,92,95374.76,41.3,1.21,4.17,-60.6,1.03,50.6
momentum_roc,"{'n': 40, 'thresh': 1.0}",3,74,107231.43,37.8,1.24,5.83,-47.44,1.12,56.13
momentum_roc,"{'n': 40, 'thresh': 1.0}",5,53,-61627.46,35.8,0.87,-4.69,-88.36,-0.98,-44.38
momentum_roc,"{'n': 40, 'thresh': 1.0}",7,43,106722.27,44.2,1.3,9.97,-61.4,1.49,56.01
momentum_roc,"{'n': 40, 'thresh': 1.0}",10,32,-3191.05,31.2,0.99,-0.52,-109.33,-0.06,-1.96
momentum_roc,"{'n': 40, 'thresh': 1.5}",1,110,241051.33,48.2,1.63,8.81,-27.75,2.79,111.99
momentum_roc,"{'n': 40, 'thresh': 1.5}",2,85,94398.85,38.8,1.21,4.48,-60.58,1.08,50.14
momentum_roc,"{'n': 40, 'thresh': 1.5}",3,68,14622.26,33.8,1.03,0.87,-63.04,0.17,8.7
momentum_roc,"{'n': 40, 'thresh': 1.5}",5,50,-17304.39,38.0,0.96,-1.4,-70.07,-0.31,-10.98
momentum_roc,"{'n': 40, 'thresh': 1.5}",7,41,80563.93,39.0,1.21,7.82,-55.1,1.13,43.6
momentum_roc,"{'n': 40, 'thresh': 1.5}",10,30,20508.6,30.0,1.06,2.64,-68.21,0.31,12.08
momentum_roc,"{'n': 40, 'thresh': 2.0}",1,99,116011.24,46.5,1.31,4.7,-46.54,1.52,60.14
momentum_roc,"{'n': 40, 'thresh': 2.0}",2,76,-18463.02,39.5,0.95,-0.93,-52.03,-0.34,-11.75
momentum_roc,"{'n': 40, 'thresh': 2.0}",3,63,-9162.73,36.5,0.98,-0.58,-80.94,-0.15,-5.71
momentum_roc,"{'n': 40, 'thresh': 2.0}",5,48,-1481.27,41.7,1.0,-0.17,-63.54,-0.04,-0.91
momentum_roc,"{'n': 40, 'thresh': 2.0}",7,39,134439.12,48.7,1.44,13.81,-45.72,2.25,68.36
momentum_roc,"{'n': 40, 'thresh': 2.0}",10,28,8103.01,32.1,1.02,1.07,-73.49,0.14,4.88
momentum_roc,"{'n': 40, 'thresh': 2.5}",1,88,-111375.64,38.6,0.7,-5.09,-108.02,-2.14,0.0
momentum_roc,"{'n': 40, 'thresh': 2.5}",2,69,-94860.89,34.8,0.73,-5.52,-94.94,-1.96,-84.01
momentum_roc,"{'n': 40, 'thresh': 2.5}",3,57,-120038.39,33.3,0.72,-8.44,-131.69,-2.02,0.0
momentum_roc,"{'n': 40, 'thresh': 2.5}",5,45,-103532.02,35.6,0.72,-9.23,-110.76,-2.09,0.0
momentum_roc,"{'n': 40, 'thresh': 2.5}",7,34,31994.62,38.2,1.11,3.82,-59.81,0.63,18.67
momentum_roc,"{'n': 40, 'thresh': 2.5}",10,26,-43778.98,30.8,0.84,-6.76,-114.67,-1.01,-29.89
momentum_roc,"{'n': 40, 'thresh': 3.0}",1,78,-103886.81,34.6,0.69,-5.37,-115.43,-2.15,0.0
momentum_roc,"{'n': 40, 'thresh': 3.0}",2,62,-81834.55,33.9,0.72,-5.3,-119.88,-2.02,-65.06
momentum_roc,"{'n': 40, 'thresh': 3.0}",3,53,-121218.69,35.8,0.69,-9.21,-121.63,-2.26,0.0
momentum_roc,"{'n': 40, 'thresh': 3.0}",5,39,-57801.32,38.5,0.81,-5.97,-80.56,-1.35,-41.31
momentum_roc,"{'n': 40, 'thresh': 3.0}",7,33,-120968.38,27.3,0.63,-14.73,-121.49,-2.96,0.0
momentum_roc,"{'n': 40, 'thresh': 3.0}",10,25,-58121.24,28.0,0.77,-9.35,-74.48,-1.53,-41.53
breakout,{'lookback': 45},1,32,-37196.04,34.4,0.77,-4.66,-64.01,-1.71,-25.84
breakout,{'lookback': 45},2,27,-29759.85,33.3,0.8,-4.4,-66.33,-1.39,-20.28
breakout,{'lookback': 45},3,24,-5089.1,37.5,0.97,-0.86,-53.16,-0.23,-3.29
breakout,{'lookback': 45},5,20,6315.94,40.0,1.04,1.22,-77.38,0.21,4.0
breakout,{'lookback': 45},7,18,-30173.86,27.8,0.84,-6.75,-126.9,-0.9,-20.55
breakout,{'lookback': 45},10,16,-146695.92,12.5,0.22,-36.79,-146.77,-9.28,0.0
donchian,{'lookback': 45},1,20,-25284.11,35.0,0.69,-5.1,-37.11,-2.56,-17.08
donchian,{'lookback': 45},2,17,12087.63,35.3,1.15,2.89,-19.59,0.76,7.59
donchian,{'lookback': 45},3,15,18079.31,40.0,1.23,4.9,-24.58,1.28,11.23
donchian,{'lookback': 45},5,15,-12370.18,26.7,0.91,-3.3,-76.49,-0.58,-8.11
donchian,{'lookback': 45},7,14,-39283.16,14.3,0.74,-11.21,-105.91,-1.54,-27.35
donchian,{'lookback': 45},10,13,-26221.18,7.7,0.84,-7.98,-122.25,-0.78,-17.69
momentum_roc,"{'n': 45, 'thresh': 1.0}",1,120,-123586.56,39.2,0.76,-4.13,-166.27,-1.68,0.0
momentum_roc,"{'n': 45, 'thresh': 1.0}",2,93,-38321.56,36.6,0.93,-1.65,-107.84,-0.47,-25.88
momentum_roc,"{'n': 45, 'thresh': 1.0}",3,74,-32027.12,36.5,0.93,-1.71,-89.81,-0.44,-21.28
momentum_roc,"{'n': 45, 'thresh': 1.0}",5,54,-176575.28,25.9,0.67,-13.12,-153.25,-2.48,0.0
momentum_roc,"{'n': 45, 'thresh': 1.0}",7,43,6468.99,32.6,1.02,0.57,-102.77,0.08,3.96
momentum_roc,"{'n': 45, 'thresh': 1.0}",10,33,-17583.88,36.4,0.95,-2.07,-136.51,-0.3,-11.29
momentum_roc,"{'n': 45, 'thresh': 1.5}",1,108,-117891.31,34.3,0.75,-4.37,-133.39,-1.68,0.0
momentum_roc,"{'n': 45, 'thresh': 1.5}",2,81,48970.63,35.8,1.12,2.43,-79.79,0.64,28.02
momentum_roc,"{'n': 45, 'thresh': 1.5}",3,68,-120660.81,35.3,0.73,-7.13,-125.19,-2.0,0.0
momentum_roc,"{'n': 45, 'thresh': 1.5}",5,50,-99027.63,28.0,0.79,-7.94,-120.73,-1.4,-94.34
momentum_roc,"{'n': 45, 'thresh': 1.5}",7,42,-34122.12,33.3,0.91,-3.24,-108.17,-0.57,-22.79
momentum_roc,"{'n': 45, 'thresh': 1.5}",10,31,-5505.02,38.7,0.98,-0.66,-128.88,-0.11,-3.45
momentum_roc,"{'n': 45, 'thresh': 2.0}",1,100,-75601.37,35.0,0.82,-3.04,-126.38,-1.15,-58.28
momentum_roc,"{'n': 45, 'thresh': 2.0}",2,76,58213.96,38.2,1.16,3.06,-57.99,0.77,32.95
momentum_roc,"{'n': 45, 'thresh': 2.0}",3,62,-110658.53,33.9,0.72,-7.16,-116.46,-2.14,0.0
momentum_roc,"{'n': 45, 'thresh': 2.0}",5,47,-89641.16,31.9,0.8,-7.66,-115.46,-1.39,-75.46
momentum_roc,"{'n': 45, 'thresh': 2.0}",7,40,-14248.41,32.5,0.96,-1.4,-91.55,-0.26,-9.09
momentum_roc,"{'n': 45, 'thresh': 2.0}",10,29,94067.36,41.4,1.34,13.1,-75.25,1.64,50.81
momentum_roc,"{'n': 45, 'thresh': 2.5}",1,84,66835.56,41.7,1.23,3.17,-59.72,1.17,37.33
momentum_roc,"{'n': 45, 'thresh': 2.5}",2,68,84227.41,36.8,1.27,4.92,-54.17,1.26,46.12
momentum_roc,"{'n': 45, 'thresh': 2.5}",3,53,-161232.46,28.3,0.55,-12.25,-145.51,-3.88,0.0
momentum_roc,"{'n': 45, 'thresh': 2.5}",5,41,64526.23,36.6,1.2,6.29,-60.99,1.06,36.14
momentum_roc,"{'n': 45, 'thresh': 2.5}",7,33,106778.77,39.4,1.35,12.88,-59.2,1.71,56.86
momentum_roc,"{'n': 45, 'thresh': 2.5}",10,27,68960.23,29.6,1.24,10.19,-89.61,1.09,38.41
momentum_roc,"{'n': 45, 'thresh': 3.0}",1,78,33908.13,41.0,1.13,1.75,-58.39,0.66,19.83
momentum_roc,"{'n': 45, 'thresh': 3.0}",2,61,48142.07,37.7,1.16,3.18,-49.84,0.88,27.63
momentum_roc,"{'n': 45, 'thresh': 3.0}",3,47,-28129.8,34.0,0.91,-2.42,-75.33,-0.6,-18.51
momentum_roc,"{'n': 45, 'thresh': 3.0}",5,37,-90889.43,29.7,0.71,-9.88,-91.41,-2.27,-77.34
momentum_roc,"{'n': 45, 'thresh': 3.0}",7,30,-60020.0,23.3,0.79,-8.06,-78.62,-1.42,-43.34
momentum_roc,"{'n': 45, 'thresh': 3.0}",10,25,35942.12,48.0,1.18,5.77,-67.62,0.95,20.96
breakout,{'lookback': 50},1,30,-49430.5,30.0,0.7,-6.61,-75.52,-2.36,-35.48
breakout,{'lookback': 50},2,25,-68854.68,28.0,0.53,-11.03,-66.46,-4.0,-52.68
breakout,{'lookback': 50},3,22,-30000.05,36.4,0.78,-5.49,-51.5,-1.54,-20.42
breakout,{'lookback': 50},5,19,-48024.79,36.8,0.71,-10.19,-78.67,-2.17,-34.23
breakout,{'lookback': 50},7,17,-21481.66,23.5,0.87,-5.09,-105.91,-0.68,-14.35
breakout,{'lookback': 50},10,15,-124146.17,13.3,0.25,-33.2,-124.19,-8.31,0.0
donchian,{'lookback': 50},1,19,-19009.46,36.8,0.74,-4.05,-30.58,-2.0,-12.67
donchian,{'lookback': 50},2,16,23901.94,37.5,1.36,6.03,-17.44,1.61,14.74
donchian,{'lookback': 50},3,14,31817.4,42.9,1.48,9.18,-15.95,2.44,19.35
donchian,{'lookback': 50},5,14,8692.57,28.6,1.08,2.5,-55.35,0.4,5.48
donchian,{'lookback': 50},7,13,-15255.61,15.4,0.88,-4.66,-79.52,-0.64,-10.06
donchian,{'lookback': 50},10,12,-2754.8,8.3,0.98,-0.8,-98.74,-0.09,-1.77
momentum_roc,"{'n': 50, 'thresh': 1.0}",1,115,-85085.64,37.4,0.83,-2.99,-163.52,-1.23,-69.68
momentum_roc,"{'n': 50, 'thresh': 1.0}",2,87,164485.26,39.1,1.37,7.61,-93.22,1.79,84.04
momentum_roc,"{'n': 50, 'thresh': 1.0}",3,71,-31832.53,40.8,0.92,-1.8,-93.9,-0.57,-21.36
momentum_roc,"{'n': 50, 'thresh': 1.0}",5,53,-116197.64,32.1,0.74,-8.8,-156.25,-1.99,0.0
momentum_roc,"{'n': 50, 'thresh': 1.0}",7,42,65771.56,33.3,1.18,6.26,-54.35,1.0,37.3
momentum_roc,"{'n': 50, 'thresh': 1.0}",10,31,85741.28,35.5,1.27,11.13,-120.17,1.07,47.45
momentum_roc,"{'n': 50, 'thresh': 1.5}",1,101,46960.07,44.6,1.12,1.88,-42.45,0.62,27.31
momentum_roc,"{'n': 50, 'thresh': 1.5}",2,78,146529.06,41.0,1.39,7.58,-54.65,1.92,76.1
momentum_roc,"{'n': 50, 'thresh': 1.5}",3,64,50445.01,45.3,1.15,3.19,-82.78,0.85,29.19
momentum_roc,"{'n': 50, 'thresh': 1.5}",5,49,-126845.62,26.5,0.71,-10.41,-143.19,-2.02,0.0
momentum_roc,"{'n': 50, 'thresh': 1.5}",7,40,5511.67,32.5,1.01,0.45,-102.49,0.07,3.42
momentum_roc,"{'n': 50, 'thresh': 1.5}",10,29,29369.23,41.4,1.1,4.11,-111.09,0.49,17.53
momentum_roc,"{'n': 50, 'thresh': 2.0}",1,94,94286.72,44.7,1.25,4.04,-29.4,1.24,51.67
momentum_roc,"{'n': 50, 'thresh': 2.0}",2,73,133422.58,37.0,1.36,7.37,-70.2,1.81,70.17
momentum_roc,"{'n': 50, 'thresh': 2.0}",3,60,204036.01,43.3,1.73,13.68,-55.49,3.01,100.85
momentum_roc,"{'n': 50, 'thresh': 2.0}",5,45,61947.43,33.3,1.17,5.49,-112.19,0.92,35.3
momentum_roc,"{'n': 50, 'thresh': 2.0}",7,36,118889.66,38.9,1.37,13.2,-90.97,1.82,63.44
momentum_roc,"{'n': 50, 'thresh': 2.0}",10,28,58021.55,42.9,1.2,8.34,-145.78,0.96,33.24
momentum_roc,"{'n': 50, 'thresh': 2.5}",1,85,-16142.85,40.0,0.95,-0.77,-65.47,-0.34,-10.45
momentum_roc,"{'n': 50, 'thresh': 2.5}",2,66,141815.69,43.9,1.55,8.63,-31.83,2.64,73.98
momentum_roc,"{'n': 50, 'thresh': 2.5}",3,53,134193.81,49.1,1.53,10.18,-46.16,2.38,70.52
momentum_roc,"{'n': 50, 'thresh': 2.5}",5,40,24184.47,37.5,1.08,2.47,-75.26,0.44,14.58
momentum_roc,"{'n': 50, 'thresh': 2.5}",7,32,-24241.05,34.4,0.91,-3.04,-104.04,-0.58,-15.98
momentum_roc,"{'n': 50, 'thresh': 2.5}",10,25,-3431.85,44.0,0.98,-0.54,-107.55,-0.11,-2.17
momentum_roc,"{'n': 50, 'thresh': 3.0}",1,80,-15331.65,40.0,0.95,-0.78,-66.96,-0.33,-9.91
momentum_roc,"{'n': 50, 'thresh': 3.0}",2,63,29872.07,34.9,1.1,1.87,-40.09,0.56,17.81
momentum_roc,"{'n': 50, 'thresh': 3.0}",3,52,136161.05,44.2,1.52,10.51,-77.2,2.37,71.58
momentum_roc,"{'n': 50, 'thresh': 3.0}",5,38,7530.86,31.6,1.03,0.79,-82.91,0.14,4.66
momentum_roc,"{'n': 50, 'thresh': 3.0}",7,30,28335.21,30.0,1.09,3.76,-104.01,0.49,16.94
momentum_roc,"{'n': 50, 'thresh': 3.0}",10,24,-85422.36,33.3,0.68,-14.3,-117.07,-2.61,-70.11
breakout,{'lookback': 55},1,29,-35979.85,31.0,0.76,-4.98,-75.52,-1.79,-24.92
breakout,{'lookback': 55},2,24,-56419.26,29.2,0.58,-9.42,-66.46,-3.4,-41.3
breakout,{'lookback': 55},3,21,-24364.38,38.1,0.82,-4.67,-51.5,-1.29,-16.37
breakout,{'lookback': 55},5,18,-32046.31,38.9,0.79,-7.2,-78.67,-1.52,-21.92
breakout,{'lookback': 55},7,16,-3798.94,25.0,0.97,-0.98,-105.91,-0.13,-2.45
breakout,{'lookback': 55},10,14,-106679.86,14.3,0.28,-30.58,-114.19,-7.47,0.0
donchian,{'lookback': 55},1,19,-19009.46,36.8,0.74,-4.05,-30.58,-2.0,-12.67
donchian,{'lookback': 55},2,16,23901.94,37.5,1.36,6.03,-17.44,1.61,14.74
donchian,{'lookback': 55},3,14,31817.4,42.9,1.48,9.18,-15.95,2.44,19.35
donchian,{'lookback': 55},5,14,8692.57,28.6,1.08,2.5,-55.35,0.4,5.48
donchian,{'lookback': 55},7,13,-15255.61,15.4,0.88,-4.66,-79.52,-0.64,-10.06
donchian,{'lookback': 55},10,12,-2754.8,8.3,0.98,-0.8,-98.74,-0.09,-1.77
momentum_roc,"{'n': 55, 'thresh': 1.0}",1,115,10313.56,42.6,1.02,0.35,-104.73,0.09,6.43
momentum_roc,"{'n': 55, 'thresh': 1.0}",2,89,65022.07,38.2,1.14,2.96,-50.04,0.76,37.43
momentum_roc,"{'n': 55, 'thresh': 1.0}",3,72,87073.93,38.9,1.18,4.87,-37.37,0.89,48.93
momentum_roc,"{'n': 55, 'thresh': 1.0}",5,51,-34870.65,39.2,0.92,-2.69,-70.31,-0.55,-23.87
momentum_roc,"{'n': 55, 'thresh': 1.0}",7,41,-41194.43,36.6,0.89,-4.06,-102.41,-0.66,-28.61
momentum_roc,"{'n': 55, 'thresh': 1.0}",10,32,-60552.76,28.1,0.85,-7.61,-155.91,-0.93,-44.59
momentum_roc,"{'n': 55, 'thresh': 1.5}",1,106,-11509.48,41.5,0.97,-0.44,-97.8,-0.2,-7.47
momentum_roc,"{'n': 55, 'thresh': 1.5}",2,84,70338.22,36.9,1.16,3.37,-60.32,0.87,40.23
momentum_roc,"{'n': 55, 'thresh': 1.5}",3,67,29423.16,40.3,1.07,1.75,-94.08,0.37,17.82
momentum_roc,"{'n': 55, 'thresh': 1.5}",5,49,-84124.07,34.7,0.8,-6.86,-91.73,-1.41,-68.91
momentum_roc,"{'n': 55, 'thresh': 1.5}",7,41,-126710.45,34.1,0.68,-12.48,-161.48,-2.2,0.0
momentum_roc,"{'n': 55, 'thresh': 1.5}",10,31,-31736.95,35.5,0.9,-4.18,-111.76,-0.53,-21.52
momentum_roc,"{'n': 55, 'thresh': 2.0}",1,96,-67889.14,37.5,0.83,-2.85,-107.95,-1.14,-51.44
momentum_roc,"{'n': 55, 'thresh': 2.0}",2,73,141016.26,39.7,1.44,7.74,-43.82,2.09,74.79
momentum_roc,"{'n': 55, 'thresh': 2.0}",3,61,16862.55,41.0,1.05,1.11,-80.25,0.24,10.42
momentum_roc,"{'n': 55, 'thresh': 2.0}",5,44,-2592.16,40.9,0.99,-0.24,-69.69,-0.06,-1.65
momentum_roc,"{'n': 55, 'thresh': 2.0}",7,36,-55179.22,36.1,0.83,-6.16,-139.65,-1.18,-39.92
momentum_roc,"{'n': 55, 'thresh': 2.0}",10,28,-49816.69,28.6,0.86,-7.14,-142.49,-0.96,-35.45
momentum_roc,"{'n': 55, 'thresh': 2.5}",1,91,-73383.18,40.7,0.8,-3.26,-100.05,-1.37,-56.9
momentum_roc,"{'n': 55, 'thresh': 2.5}",2,70,132960.17,38.6,1.43,7.61,-52.92,2.02,71.06
momentum_roc,"{'n': 55, 'thresh': 2.5}",3,58,79006.82,44.8,1.25,5.48,-51.99,1.3,44.72
momentum_roc,"{'n': 55, 'thresh': 2.5}",5,42,-34487.26,35.7,0.91,-3.29,-91.91,-0.64,-23.54
momentum_roc,"{'n': 55, 'thresh': 2.5}",7,35,-31349.45,40.0,0.89,-3.59,-140.6,-0.71,-21.24
momentum_roc,"{'n': 55, 'thresh': 2.5}",10,28,8184.9,32.1,1.03,1.17,-130.87,0.14,5.12
momentum_roc,"{'n': 55, 'thresh': 3.0}",1,84,77991.37,45.2,1.26,3.74,-36.16,1.27,44.29
momentum_roc,"{'n': 55, 'thresh': 3.0}",2,65,49688.71,38.5,1.17,3.04,-34.39,0.95,29.18
momentum_roc,"{'n': 55, 'thresh': 3.0}",3,54,123453.52,44.4,1.41,9.16,-67.01,2.04,66.59
momentum_roc,"{'n': 55, 'thresh': 3.0}",5,40,37881.46,40.0,1.13,3.82,-60.55,0.76,22.62
momentum_roc,"{'n': 55, 'thresh': 3.0}",7,33,14390.09,33.3,1.06,1.73,-117.47,0.27,8.91
momentum_roc,"{'n': 55, 'thresh': 3.0}",10,27,-134740.12,22.2,0.58,-20.03,-124.42,-3.68,0.0
breakout,{'lookback': 60},1,28,-32045.74,32.1,0.78,-4.6,-72.82,-1.63,-22.26
breakout,{'lookback': 60},2,23,-48653.88,30.4,0.61,-8.48,-60.75,-3.02,-35.19
breakout,{'lookback': 60},3,20,-18844.69,40.0,0.85,-3.8,-49.57,-1.03,-12.68
breakout,{'lookback': 60},5,17,-16821.25,41.2,0.88,-4.02,-70.04,-0.85,-11.27
breakout,{'lookback': 60},7,15,9111.62,26.7,1.07,2.42,-90.73,0.29,5.83
breakout,{'lookback': 60},10,14,-129651.54,14.3,0.24,-37.17,-148.32,-8.89,0.0
donchian,{'lookback': 60},1,18,-15075.35,38.9,0.79,-3.39,-25.59,-1.64,-10.1
donchian,{'lookback': 60},2,15,31667.32,40.0,1.54,8.51,-16.39,2.25,19.6
donchian,{'lookback': 60},3,13,37337.09,46.2,1.62,11.59,-15.35,3.0,22.88
donchian,{'lookback': 60},5,13,23917.63,30.8,1.25,7.41,-41.23,1.21,14.94
donchian,{'lookback': 60},7,12,-2345.05,16.7,0.98,-0.71,-61.13,-0.11,-1.53
donchian,{'lookback': 60},10,12,-25726.48,8.3,0.84,-8.48,-128.25,-0.79,-17.57
momentum_roc,"{'n': 60, 'thresh': 1.0}",1,114,52305.7,39.5,1.12,1.83,-62.01,0.53,31.11
momentum_roc,"{'n': 60, 'thresh': 1.0}",2,88,-49546.81,35.2,0.9,-2.24,-140.92,-0.67,-35.57
momentum_roc,"{'n': 60, 'thresh': 1.0}",3,71,68248.77,40.8,1.17,3.85,-65.36,0.88,39.7
momentum_roc,"{'n': 60, 'thresh': 1.0}",5,53,-40055.72,34.0,0.9,-3.04,-75.58,-0.63,-28.03
momentum_roc,"{'n': 60, 'thresh': 1.0}",7,41,-69096.89,36.6,0.81,-6.82,-140.83,-1.15,-52.98
momentum_roc,"{'n': 60, 'thresh': 1.0}",10,31,-21014.16,29.0,0.94,-2.75,-90.05,-0.35,-14.07
momentum_roc,"{'n': 60, 'thresh': 1.5}",1,108,-49060.75,35.2,0.89,-1.84,-81.62,-0.6,-35.17
momentum_roc,"{'n': 60, 'thresh': 1.5}",2,82,-24077.56,36.6,0.94,-1.2,-120.49,-0.38,-16.25
momentum_roc,"{'n': 60, 'thresh': 1.5}",3,67,-26236.92,37.3,0.94,-1.58,-76.07,-0.41,-17.76
momentum_roc,"{'n': 60, 'thresh': 1.5}",5,49,-60535.44,32.7,0.86,-5.01,-80.78,-0.97,-44.98
momentum_roc,"{'n': 60, 'thresh': 1.5}",7,38,-103829.63,28.9,0.71,-11.06,-140.03,-1.83,0.0
momentum_roc,"{'n': 60, 'thresh': 1.5}",10,30,-6565.02,30.0,0.98,-0.94,-74.26,-0.12,-4.27
momentum_roc,"{'n': 60, 'thresh': 2.0}",1,97,-41303.13,42.3,0.9,-1.73,-77.35,-0.67,-28.99
momentum_roc,"{'n': 60, 'thresh': 2.0}",2,74,-138962.43,35.1,0.66,-7.58,-140.49,-2.7,0.0
momentum_roc,"{'n': 60, 'thresh': 2.0}",3,61,-44690.24,39.3,0.87,-2.96,-115.38,-0.92,-31.65
momentum_roc,"{'n': 60, 'thresh': 2.0}",5,45,-47945.61,28.9,0.86,-4.32,-74.65,-0.86,-34.27
momentum_roc,"{'n': 60, 'thresh': 2.0}",7,35,39078.39,34.3,1.14,4.47,-80.99,0.67,23.61
momentum_roc,"{'n': 60, 'thresh': 2.0}",10,28,19350.7,28.6,1.06,2.69,-68.84,0.31,12.04
momentum_roc,"{'n': 60, 'thresh': 2.5}",1,93,-153446.25,35.5,0.64,-6.64,-147.85,-2.76,0.0
momentum_roc,"{'n': 60, 'thresh': 2.5}",2,71,-67659.23,39.4,0.8,-3.88,-73.97,-1.46,-51.59
momentum_roc,"{'n': 60, 'thresh': 2.5}",3,57,-19421.26,40.4,0.94,-1.39,-103.77,-0.4,-12.96
momentum_roc,"{'n': 60, 'thresh': 2.5}",5,44,-99586.38,27.3,0.73,-9.11,-99.75,-1.86,-97.06
momentum_roc,"{'n': 60, 'thresh': 2.5}",7,35,-5394.74,31.4,0.98,-0.63,-111.31,-0.11,-3.5
momentum_roc,"{'n': 60, 'thresh': 2.5}",10,28,-15425.77,25.0,0.95,-2.32,-88.94,-0.26,-10.21
momentum_roc,"{'n': 60, 'thresh': 3.0}",1,87,-118147.23,35.6,0.69,-5.46,-122.35,-2.25,0.0
momentum_roc,"{'n': 60, 'thresh': 3.0}",2,68,-112610.92,33.8,0.67,-6.65,-114.25,-2.52,0.0
momentum_roc,"{'n': 60, 'thresh': 3.0}",3,55,112691.46,45.5,1.34,8.21,-51.76,1.57,62.41
momentum_roc,"{'n': 60, 'thresh': 3.0}",5,42,-77484.67,26.2,0.78,-7.41,-86.43,-1.43,-61.64
momentum_roc,"{'n': 60, 'thresh': 3.0}",7,33,-22337.43,33.3,0.92,-2.71,-124.84,-0.44,-14.99
momentum_roc,"{'n': 60, 'thresh': 3.0}",10,27,-129584.03,22.2,0.64,-19.39,-182.82,-2.32,0.0
supertrend,"{'require_adx': False, 'adx_thresh': 0}",1,149,-22329.3,43.6,0.97,-0.59,-74.13,-0.23,-13.13
supertrend,"{'require_adx': False, 'adx_thresh': 0}",2,112,-5703.6,39.3,0.99,-0.2,-99.96,-0.09,-3.22
supertrend,"{'require_adx': False, 'adx_thresh': 0}",3,89,23972.34,38.2,1.05,1.07,-44.07,0.25,12.74
supertrend,"{'require_adx': False, 'adx_thresh': 0}",5,64,-97266.28,37.5,0.8,-6.09,-148.34,-1.43,-86.55
supertrend,"{'require_adx': False, 'adx_thresh': 0}",7,50,-165661.36,40.0,0.68,-13.31,-146.91,-2.48,0.0
supertrend,"{'require_adx': False, 'adx_thresh': 0}",10,38,-284754.38,26.3,0.42,-30.15,-211.16,-6.15,0.0
supertrend,"{'require_adx': True, 'adx_thresh': 20}",1,90,125219.56,48.9,1.34,5.61,-50.19,1.65,63.47
supertrend,"{'require_adx': True, 'adx_thresh': 20}",2,70,24493.01,37.1,1.07,1.42,-85.9,0.36,14.11
supertrend,"{'require_adx': True, 'adx_thresh': 20}",3,55,8617.59,40.0,1.03,0.63,-40.08,0.14,5.12
supertrend,"{'require_adx': True, 'adx_thresh': 20}",5,42,-73108.93,40.5,0.78,-7.04,-129.5,-1.53,-54.43
supertrend,"{'require_adx': True, 'adx_thresh': 20}",7,32,-48639.76,37.5,0.85,-6.14,-135.66,-0.92,-33.19
supertrend,"{'require_adx': True, 'adx_thresh': 20}",10,27,-8830.68,29.6,0.97,-1.41,-98.92,-0.17,-5.42
supertrend,"{'require_adx': True, 'adx_thresh': 25}",1,49,96476.12,53.1,1.59,7.93,-37.03,2.58,57.06
supertrend,"{'require_adx': True, 'adx_thresh': 25}",2,38,19963.6,42.1,1.1,2.17,-49.37,0.57,12.91
supertrend,"{'require_adx': True, 'adx_thresh': 25}",3,32,78587.95,43.8,1.44,9.89,-38.48,1.98,47.04
supertrend,"{'require_adx': True, 'adx_thresh': 25}",5,21,15883.64,33.3,1.13,3.1,-56.52,0.66,10.34
supertrend,"{'require_adx': True, 'adx_thresh': 25}",7,18,-19431.77,44.4,0.88,-4.34,-83.77,-0.7,-13.45
supertrend,"{'require_adx': True, 'adx_thresh': 25}",10,14,-46376.6,28.6,0.72,-13.45,-98.98,-1.81,-33.38
supertrend,"{'require_adx': True, 'adx_thresh': 30}",1,30,44452.31,56.7,1.42,6.01,-37.52,2.03,28.16
supertrend,"{'require_adx': True, 'adx_thresh': 30}",2,24,82079.64,45.8,1.89,13.87,-27.92,3.84,49.27
supertrend,"{'require_adx': True, 'adx_thresh': 30}",3,20,-67931.74,30.0,0.43,-13.58,-73.72,-4.99,-53.18
supertrend,"{'require_adx': True, 'adx_thresh': 30}",5,14,-11463.53,57.1,0.88,-3.29,-42.14,-0.86,-7.89
supertrend,"{'require_adx': True, 'adx_thresh': 30}",7,12,-10770.73,58.3,0.89,-3.64,-47.97,-0.79,-7.3
supertrend,"{'require_adx': True, 'adx_thresh': 30}",10,10,39007.63,40.0,1.39,15.59,-31.68,1.91,24.63
triple_screen,"{'adx_thresh': 20, 'rsi_low': 30, 'rsi_high': 70}",1,0,0.0,0.0,0.0,0.0,0.0,0.0,0.0
triple_screen,"{'adx_thresh': 20, 'rsi_low': 30, 'rsi_high': 70}",2,0,0.0,0.0,0.0,0.0,0.0,0.0,0.0
triple_screen,"{'adx_thresh': 20, 'rsi_low': 30, 'rsi_high': 70}",3,0,0.0,0.0,0.0,0.0,0.0,0.0,0.0
triple_screen,"{'adx_thresh': 20, 'rsi_low': 30, 'rsi_high': 70}",5,0,0.0,0.0,0.0,0.0,0.0,0.0,0.0
triple_screen,"{'adx_thresh': 20, 'rsi_low': 30, 'rsi_high': 70}",7,0,0.0,0.0,0.0,0.0,0.0,0.0,0.0
triple_screen,"{'adx_thresh': 20, 'rsi_low': 30, 'rsi_high': 70}",10,0,0.0,0.0,0.0,0.0,0.0,0.0,0.0
triple_screen,"{'adx_thresh': 20, 'rsi_low': 40, 'rsi_high': 60}",1,1,23849.6,100.0,inf,95.86,0.0,0.0,8.063656507869983e+35
triple_screen,"{'adx_thresh': 20, 'rsi_low': 40, 'rsi_high': 60}",2,1,32822.29,100.0,inf,131.92,0.0,0.0,9.86056365590434e+46
triple_screen,"{'adx_thresh': 20, 'rsi_low': 40, 'rsi_high': 60}",3,1,51713.64,100.0,inf,207.85,0.0,0.0,1.1857396320418688e+68
triple_screen,"{'adx_thresh': 20, 'rsi_low': 40, 'rsi_high': 60}",5,1,63931.35,100.0,inf,256.96,0.0,0.0,2.2471683659110582e+80
triple_screen,"{'adx_thresh': 20, 'rsi_low': 40, 'rsi_high': 60}",7,1,63692.65,100.0,inf,256.0,0.0,0.0,1.3202327943281636e+80
triple_screen,"{'adx_thresh': 20, 'rsi_low': 40, 'rsi_high': 60}",10,1,73319.3,100.0,inf,294.69,0.0,0.0,1.5105256868132033e+89
triple_screen,"{'adx_thresh': 25, 'rsi_low': 35, 'rsi_high': 65}",1,0,0.0,0.0,0.0,0.0,0.0,0.0,0.0
triple_screen,"{'adx_thresh': 25, 'rsi_low': 35, 'rsi_high': 65}",2,0,0.0,0.0,0.0,0.0,0.0,0.0,0.0
triple_screen,"{'adx_thresh': 25, 'rsi_low': 35, 'rsi_high': 65}",3,0,0.0,0.0,0.0,0.0,0.0,0.0,0.0
triple_screen,"{'adx_thresh': 25, 'rsi_low': 35, 'rsi_high': 65}",5,0,0.0,0.0,0.0,0.0,0.0,0.0,0.0
triple_screen,"{'adx_thresh': 25, 'rsi_low': 35, 'rsi_high': 65}",7,0,0.0,0.0,0.0,0.0,0.0,0.0,0.0
triple_screen,"{'adx_thresh': 25, 'rsi_low': 35, 'rsi_high': 65}",10,0,0.0,0.0,0.0,0.0,0.0,0.0,0.0
triple_screen,"{'adx_thresh': 25, 'rsi_low': 30, 'rsi_high': 70}",1,0,0.0,0.0,0.0,0.0,0.0,0.0,0.0
triple_screen,"{'adx_thresh': 25, 'rsi_low': 30, 'rsi_high': 70}",2,0,0.0,0.0,0.0,0.0,0.0,0.0,0.0
triple_screen,"{'adx_thresh': 25, 'rsi_low': 30, 'rsi_high': 70}",3,0,0.0,0.0,0.0,0.0,0.0,0.0,0.0
triple_screen,"{'adx_thresh': 25, 'rsi_low': 30, 'rsi_high': 70}",5,0,0.0,0.0,0.0,0.0,0.0,0.0,0.0
triple_screen,"{'adx_thresh': 25, 'rsi_low': 30, 'rsi_high': 70}",7,0,0.0,0.0,0.0,0.0,0.0,0.0,0.0
triple_screen,"{'adx_thresh': 25, 'rsi_low': 30, 'rsi_high': 70}",10,0,0.0,0.0,0.0,0.0,0.0,0.0,0.0
triple_screen,"{'adx_thresh': 30, 'rsi_low': 40, 'rsi_high': 60}",1,0,0.0,0.0,0.0,0.0,0.0,0.0,0.0
triple_screen,"{'adx_thresh': 30, 'rsi_low': 40, 'rsi_high': 60}",2,0,0.0,0.0,0.0,0.0,0.0,0.0,0.0
triple_screen,"{'adx_thresh': 30, 'rsi_low': 40, 'rsi_high': 60}",3,0,0.0,0.0,0.0,0.0,0.0,0.0,0.0
triple_screen,"{'adx_thresh': 30, 'rsi_low': 40, 'rsi_high': 60}",5,0,0.0,0.0,0.0,0.0,0.0,0.0,0.0
triple_screen,"{'adx_thresh': 30, 'rsi_low': 40, 'rsi_high': 60}",7,0,0.0,0.0,0.0,0.0,0.0,0.0,0.0
triple_screen,"{'adx_thresh': 30, 'rsi_low': 40, 'rsi_high': 60}",10,0,0.0,0.0,0.0,0.0,0.0,0.0,0.0
triple_screen,"{'adx_thresh': 30, 'rsi_low': 25, 'rsi_high': 75}",1,0,0.0,0.0,0.0,0.0,0.0,0.0,0.0
triple_screen,"{'adx_thresh': 30, 'rsi_low': 25, 'rsi_high': 75}",2,0,0.0,0.0,0.0,0.0,0.0,0.0,0.0
triple_screen,"{'adx_thresh': 30, 'rsi_low': 25, 'rsi_high': 75}",3,0,0.0,0.0,0.0,0.0,0.0,0.0,0.0
triple_screen,"{'adx_thresh': 30, 'rsi_low': 25, 'rsi_high': 75}",5,0,0.0,0.0,0.0,0.0,0.0,0.0,0.0
triple_screen,"{'adx_thresh': 30, 'rsi_low': 25, 'rsi_high': 75}",7,0,0.0,0.0,0.0,0.0,0.0,0.0,0.0
triple_screen,"{'adx_thresh': 30, 'rsi_low': 25, 'rsi_high': 75}",10,0,0.0,0.0,0.0,0.0,0.0,0.0,0.0
golden_cross,"{'fast': 5, 'slow': 20}",1,29,-16123.93,37.9,0.83,-2.2,-54.76,-1.08,-9.94
golden_cross,"{'fast': 5, 'slow': 20}",2,29,-56892.86,31.0,0.67,-7.83,-75.18,-2.49,-39.36
golden_cross,"{'fast': 5, 'slow': 20}",3,28,-74691.77,35.7,0.62,-10.68,-86.63,-2.99,-55.76
golden_cross,"{'fast': 5, 'slow': 20}",5,25,-12623.48,36.0,0.93,-2.02,-66.92,-0.47,-7.73
golden_cross,"{'fast': 5, 'slow': 20}",7,23,-25357.38,34.8,0.89,-4.45,-113.36,-0.66,-15.91
golden_cross,"{'fast': 5, 'slow': 20}",10,21,-52347.05,23.8,0.8,-10.14,-123.04,-1.11,-35.54
golden_cross,"{'fast': 5, 'slow': 50}",1,18,-53089.77,33.3,0.38,-11.84,-56.45,-6.32,-39.0
golden_cross,"{'fast': 5, 'slow': 50}",2,17,-77322.81,23.5,0.32,-18.29,-75.79,-7.94,-61.98
golden_cross,"{'fast': 5, 'slow': 50}",3,16,-77882.0,25.0,0.38,-19.58,-85.78,-6.47,-62.53
golden_cross,"{'fast': 5, 'slow': 50}",5,13,-98330.55,7.7,0.39,-30.4,-98.06,-5.31,-92.86
golden_cross,"{'fast': 5, 'slow': 50}",7,13,-115471.18,15.4,0.43,-35.68,-119.55,-5.11,0.0
golden_cross,"{'fast': 5, 'slow': 50}",10,12,-129926.91,33.3,0.23,-43.44,-149.53,-10.22,0.0
golden_cross,"{'fast': 10, 'slow': 30}",1,21,-15529.07,52.4,0.81,-2.95,-42.53,-1.34,-9.67
golden_cross,"{'fast': 10, 'slow': 30}",2,20,6293.86,30.0,1.07,1.25,-27.86,0.38,3.77
golden_cross,"{'fast': 10, 'slow': 30}",3,19,18545.27,31.6,1.16,3.86,-30.83,0.89,10.85
golden_cross,"{'fast': 10, 'slow': 30}",5,18,4185.93,44.4,1.03,0.85,-36.82,0.16,2.5
golden_cross,"{'fast': 10, 'slow': 30}",7,17,23631.35,29.4,1.14,5.44,-54.13,0.67,13.56
golden_cross,"{'fast': 10, 'slow': 30}",10,14,-2174.19,35.7,0.99,-0.79,-39.84,-0.09,-1.31
golden_cross,"{'fast': 10, 'slow': 50}",1,12,-24439.8,33.3,0.65,-8.18,-36.02,-2.66,-16.61
golden_cross,"{'fast': 10, 'slow': 50}",2,11,-25072.87,36.4,0.64,-9.18,-39.09,-2.47,-17.04
golden_cross,"{'fast': 10, 'slow': 50}",3,11,-48619.05,9.1,0.33,-17.8,-43.1,-6.79,-34.96
golden_cross,"{'fast': 10, 'slow': 50}",5,11,-59818.15,18.2,0.43,-21.89,-96.39,-5.3,-44.4
golden_cross,"{'fast': 10, 'slow': 50}",7,9,-91715.35,33.3,0.16,-41.13,-101.05,-12.29,-79.65
golden_cross,"{'fast': 10, 'slow': 50}",10,9,-58836.83,22.2,0.29,-26.44,-69.51,-6.84,-43.13
golden_cross,"{'fast': 10, 'slow': 100}",1,9,14328.24,77.8,1.71,6.38,-9.25,3.31,11.75
golden_cross,"{'fast': 10, 'slow': 100}",2,9,11907.27,44.4,1.64,5.31,-12.84,2.67,9.76
golden_cross,"{'fast': 10, 'slow': 100}",3,9,-6002.02,22.2,0.88,-2.71,-31.8,-0.83,-4.96
golden_cross,"{'fast': 10, 'slow': 100}",5,7,-45714.46,28.6,0.27,-26.26,-48.58,-8.83,-39.34
golden_cross,"{'fast': 10, 'slow': 100}",7,6,-71523.83,0.0,0.0,-47.91,-70.11,-25.79,-64.06
golden_cross,"{'fast': 10, 'slow': 100}",10,6,-102022.95,16.7,0.05,-68.37,-101.92,-24.18,0.0
golden_cross,"{'fast': 20, 'slow': 50}",1,10,-17449.67,30.0,0.71,-6.95,-37.09,-2.03,-10.66
golden_cross,"{'fast': 20, 'slow': 50}",2,10,-28565.36,40.0,0.58,-11.42,-41.82,-3.48,-17.91
golden_cross,"{'fast': 20, 'slow': 50}",3,10,8273.39,30.0,1.11,3.39,-36.09,0.6,4.77
golden_cross,"{'fast': 20, 'slow': 50}",5,10,904.49,30.0,1.01,0.53,-49.22,0.03,0.53
golden_cross,"{'fast': 20, 'slow': 50}",7,10,29450.97,20.0,1.27,12.09,-41.12,1.03,16.16
golden_cross,"{'fast': 20, 'slow': 50}",10,9,-10692.21,11.1,0.93,-4.44,-57.79,-0.38,-6.3
golden_cross,"{'fast': 20, 'slow': 100}",1,5,13131.67,40.0,2.01,10.44,-11.95,3.12,10.65
golden_cross,"{'fast': 20, 'slow': 100}",2,5,11863.79,20.0,1.54,9.36,-20.31,2.02,9.61
golden_cross,"{'fast': 20, 'slow': 100}",3,5,-1608.98,20.0,0.95,-1.47,-27.58,-0.3,-1.32
golden_cross,"{'fast': 20, 'slow': 100}",5,5,-21801.92,40.0,0.41,-17.65,-36.22,-5.17,-18.05
golden_cross,"{'fast': 20, 'slow': 100}",7,5,-34217.58,20.0,0.35,-27.64,-39.33,-7.18,-28.64
golden_cross,"{'fast': 20, 'slow': 100}",10,5,-25666.58,40.0,0.53,-20.74,-38.91,-4.28,-21.05
golden_cross,"{'fast': 20, 'slow': 200}",1,1,25094.19,100.0,inf,101.26,0.0,0.0,3.1013862991634487e+37
golden_cross,"{'fast': 20, 'slow': 200}",2,1,57088.17,100.0,inf,230.36,0.0,0.0,3.9117433245759985e+73
golden_cross,"{'fast': 20, 'slow': 200}",3,1,40888.56,100.0,inf,164.99,0.0,0.0,2.185956712586776e+56
golden_cross,"{'fast': 20, 'slow': 200}",5,1,19224.31,100.0,inf,77.57,0.0,0.0,7.467211468966317e+29
golden_cross,"{'fast': 20, 'slow': 200}",7,1,62628.9,100.0,inf,252.72,0.0,0.0,1.222276446126373e+79
golden_cross,"{'fast': 20, 'slow': 200}",10,1,51537.52,100.0,inf,207.96,0.0,0.0,7.760041671047799e+67
volume_trend,"{'fast': 20, 'slow': 50}",1,26,-19562.99,50.0,0.78,-3.03,-32.61,-1.55,-14.4
volume_trend,"{'fast': 20, 'slow': 50}",2,23,-73244.99,34.8,0.4,-12.81,-74.74,-5.79,-60.72
volume_trend,"{'fast': 20, 'slow': 50}",3,21,-37893.16,38.1,0.73,-7.25,-67.74,-1.95,-28.6
volume_trend,"{'fast': 20, 'slow': 50}",5,17,-31573.96,35.3,0.78,-7.42,-88.56,-1.6,-23.78
volume_trend,"{'fast': 20, 'slow': 50}",7,17,-29952.76,29.4,0.83,-7.08,-128.22,-0.93,-22.3
volume_trend,"{'fast': 20, 'slow': 50}",10,15,-140774.34,20.0,0.31,-37.81,-173.66,-8.08,0.0
